"","d_CD-CBM","Rg_CD","Rg_CBM","Rg_Global"
"1",39.2684,21.5667,12.5528,25.7452
"2",39.5122,21.6347,12.4751,25.8527
"3",40.1136,21.5251,12.5247,25.8691
"4",39.588,21.5844,12.5315,25.7955
"5",39.888,21.5584,12.5439,25.8728
"6",40.3226,21.5173,12.5264,25.8793
"7",40.2981,21.5828,12.6167,25.9817
"8",39.601,21.5547,12.5594,25.8057
"9",39.8905,21.5504,12.4501,25.8854
"10",39.1946,21.4965,12.5598,25.7021
"11",39.4242,21.546,12.5268,25.7671
"12",39.4799,21.5758,12.5575,25.815
"13",39.9141,21.5504,12.5089,25.8708
"14",39.8372,21.5557,12.564,25.8672
"15",39.7443,21.5049,12.581,25.8015
"16",39.7337,21.6388,12.5236,25.9036
"17",39.6933,21.471,12.5726,25.7721
"18",38.9105,21.4822,12.5915,25.6147
"19",38.5509,21.5391,12.5267,25.5745
"20",39.3037,21.4918,12.5544,25.7267
"21",39.5244,21.5302,12.5203,25.7854
"22",38.8268,21.5617,12.5757,25.6763
"23",38.8713,21.5793,12.5461,25.7377
"24",38.65,21.5913,12.5461,25.7106
"25",38.368,21.5913,12.5515,25.6363
"26",39.1551,21.4379,12.5898,25.6843
"27",39.6927,21.5205,12.5522,25.8413
"28",39.8835,21.6013,12.5373,25.9176
"29",39.1724,21.5862,12.4593,25.7339
"30",39.1104,21.5122,12.5903,25.6693
"31",39.1389,21.6897,12.5569,25.8118
"32",39.3042,21.6035,12.5617,25.7803
"33",39.9163,21.6118,12.5511,25.932
"34",39.6867,21.6154,12.6045,25.8651
"35",40.109,21.6239,12.6066,25.9318
"36",39.9938,21.6686,12.5935,25.9551
"37",39.8517,21.5783,12.4311,25.8529
"38",39.6578,21.611,12.5846,25.8414
"39",40.175,21.6845,12.5366,26.0166
"40",40.1832,21.6181,12.5561,26.0055
"41",40.4146,21.5617,12.5397,26.0356
"42",40.2498,21.6363,12.5754,26.0286
"43",40.0226,21.591,12.6076,25.9525
"44",39.9028,21.5839,12.6282,25.8932
"45",39.7662,21.5457,12.6653,25.8563
"46",39.5259,21.5497,12.5723,25.7918
"47",40.065,21.5285,12.5157,25.8998
"48",40.1669,21.5136,12.674,25.9294
"49",40.6173,21.5752,12.5645,26.0457
"50",40.4877,21.6918,12.6285,26.1287
"51",40.4659,21.5786,12.5831,26.0011
"52",40.3241,21.619,12.6273,26.0352
"53",40.3637,21.5859,12.6136,26.0085
"54",40.245,21.6106,12.694,25.9719
"55",40.8381,21.7087,12.6671,26.1838
"56",40.2528,21.4993,12.6644,25.9073
"57",39.5844,21.5718,12.6588,25.8184
"58",39.4792,21.5508,12.7559,25.7866
"59",39.575,21.5982,12.6398,25.816
"60",40.0209,21.6232,12.5761,25.9248
"61",40.1717,21.5656,12.5763,25.9598
"62",40.1766,21.6655,12.5837,26.0067
"63",39.8151,21.727,12.6201,26.0094
"64",40.3074,21.6197,12.6048,26.0348
"65",40.239,21.6269,12.535,25.9987
"66",40.6566,21.6068,12.59,26.0773
"67",40.0036,21.5926,12.639,25.9584
"68",40.4793,21.5514,12.6079,26.0099
"69",40.1383,21.5198,12.6391,25.9269
"70",40.0938,21.5166,12.6544,25.9222
"71",39.9127,21.536,12.6048,25.8907
"72",40.0528,21.4465,12.6152,25.8613
"73",40.7211,21.4979,12.7061,26.0261
"74",40.2593,21.5388,12.661,25.9408
"75",39.7589,21.4884,12.5054,25.7788
"76",39.5021,21.5903,12.5168,25.8127
"77",39.3132,21.5186,12.512,25.714
"78",39.9346,21.4573,12.5334,25.8458
"79",39.4002,21.4799,12.5444,25.8155
"80",40.0648,21.5376,12.6107,26.0117
"81",40.238,21.5591,12.5854,26.0601
"82",39.7228,21.4334,12.5725,25.8557
"83",39.7213,21.49,12.5711,25.861
"84",39.3113,21.5402,12.6044,25.8254
"85",39.6187,21.4814,12.5831,25.8491
"86",39.3978,21.4539,12.5671,25.7961
"87",39.3616,21.4384,12.5311,25.7769
"88",39.17,21.5147,12.5841,25.8096
"89",39.8822,21.403,12.5744,25.8764
"90",40.3743,21.4851,12.5794,26.0932
"91",39.9939,21.539,12.6599,26.0227
"92",39.4373,21.5097,12.5816,25.9157
"93",39.8476,21.4985,12.5226,25.922
"94",39.85,21.5177,12.5898,25.9195
"95",39.6989,21.5947,12.581,25.9304
"96",40.0238,21.6158,12.629,26.0666
"97",39.8664,21.6012,12.6708,25.9972
"98",39.4531,21.6039,12.4995,25.9044
"99",39.777,21.6265,12.5831,25.9889
"100",39.3727,21.5271,12.6772,25.8322
"101",39.6919,21.477,12.5337,25.8667
"102",39.8632,21.5782,12.585,25.961
"103",39.9076,21.5565,12.5797,25.9959
"104",39.8768,21.534,12.4691,25.9418
"105",39.1924,21.5259,12.6126,25.8614
"106",38.8463,21.5565,12.603,25.7789
"107",38.8752,21.5902,12.5452,25.7755
"108",38.6946,21.6019,12.571,25.7972
"109",38.4584,21.5225,12.5909,25.7128
"110",39.3672,21.5158,12.4932,25.8489
"111",40.3507,21.5055,12.5936,26.0625
"112",40.1845,21.5623,12.6126,26.0939
"113",40.9537,21.5797,12.6107,26.2669
"114",40.101,21.5435,12.5478,25.9961
"115",40.365,21.5311,12.6006,26.0566
"116",39.9965,21.5175,12.6313,25.9577
"117",39.5039,21.6092,12.6618,25.9644
"118",39.6923,21.5144,12.6182,25.9018
"119",39.7116,21.5364,12.5704,25.9345
"120",40.0545,21.5386,12.6013,25.9747
"121",39.9434,21.4945,12.5962,25.9181
"122",40.2744,21.5896,12.5691,26.0651
"123",40.1611,21.5502,12.6119,26.0211
"124",40.2701,21.5882,12.5634,26.0735
"125",40.4721,21.5181,12.5528,26.0181
"126",40.4524,21.4953,12.466,25.9825
"127",40.2541,21.6613,12.4853,26.0752
"128",39.8192,21.6534,12.5746,26.0081
"129",40.4251,21.5731,12.4725,26.0388
"130",40.2409,21.5431,12.4597,25.966
"131",40.4517,21.5585,12.5345,26.0239
"132",39.6028,21.5371,12.5257,25.8072
"133",39.8112,21.5654,12.4848,25.8769
"134",39.3573,21.49,12.5066,25.7486
"135",39.7873,21.5708,12.5664,25.9117
"136",39.9291,21.5569,12.4993,25.9039
"137",39.7907,21.5638,12.4842,25.8737
"138",39.9947,21.5151,12.5617,25.8707
"139",39.8228,21.5626,12.4861,25.9005
"140",39.7461,21.5269,12.5605,25.8825
"141",39.5735,21.5681,12.5084,25.848
"142",39.4185,21.4929,12.507,25.7032
"143",39.5856,21.4973,12.6271,25.7657
"144",39.2504,21.6025,12.4753,25.7721
"145",39.2719,21.5775,12.5109,25.7512
"146",38.7224,21.5475,12.5675,25.6614
"147",38.8741,21.6229,12.478,25.7881
"148",37.96,21.6017,12.5969,25.6054
"149",37.3089,21.4861,12.5548,25.3705
"150",36.8374,21.5407,12.5766,25.2869
"151",36.9052,21.4718,12.4777,25.2486
"152",36.6198,21.4342,12.62,25.1495
"153",36.6388,21.5341,12.604,25.2116
"154",36.7727,21.5428,12.5143,25.2309
"155",37.4908,21.4763,12.5465,25.3529
"156",37.4763,21.5389,12.5672,25.3603
"157",37.5852,21.5814,12.5161,25.443
"158",37.5033,21.4893,12.5001,25.3585
"159",37.2756,21.604,12.4695,25.4064
"160",37.3816,21.4778,12.494,25.3527
"161",37.0278,21.5843,12.4301,25.3587
"162",37.4808,21.5198,12.4823,25.3959
"163",37.0661,21.5067,12.5276,25.2953
"164",37.1102,21.53,12.4672,25.3352
"165",36.5921,21.4779,12.514,25.1872
"166",36.8768,21.5399,12.4761,25.2729
"167",37.202,21.5128,12.4619,25.3285
"168",37.0761,21.5,12.4902,25.3248
"169",37.4079,21.4775,12.4578,25.384
"170",37.3593,21.4453,12.4572,25.2944
"171",37.0454,21.5338,12.4121,25.3318
"172",36.6648,21.4593,12.508,25.1772
"173",36.692,21.5755,12.5211,25.2608
"174",36.9856,21.4978,12.5643,25.2954
"175",36.772,21.4317,12.5419,25.1707
"176",37.0674,21.4966,12.4956,25.2954
"177",36.8392,21.4558,12.5372,25.235
"178",36.7169,21.4711,12.5296,25.1867
"179",36.4432,21.4852,12.5443,25.1597
"180",36.9337,21.4747,12.5226,25.2276
"181",36.8841,21.4737,12.5149,25.2306
"182",37.1725,21.4772,12.5551,25.2934
"183",37.4862,21.5438,12.5213,25.4142
"184",37.5411,21.5236,12.4735,25.4111
"185",36.9951,21.5713,12.5269,25.3395
"186",36.585,21.4851,12.5392,25.2497
"187",36.5802,21.4627,12.5652,25.1568
"188",36.4269,21.4209,12.5254,25.1387
"189",36.5945,21.4747,12.5537,25.2219
"190",37.2134,21.5745,12.5365,25.412
"191",36.9643,21.3987,12.6477,25.2489
"192",36.616,21.5554,12.5656,25.2568
"193",37.2175,21.471,12.5366,25.3322
"194",37.2781,21.4333,12.5394,25.3136
"195",37.0733,21.487,12.5442,25.2838
"196",37.2628,21.5139,12.5004,25.3545
"197",36.615,21.4723,12.5311,25.1824
"198",36.9904,21.5477,12.5342,25.3267
"199",36.7494,21.5131,12.4908,25.243
"200",36.6422,21.4873,12.5722,25.1863
"201",37.1459,21.4478,12.497,25.2461
"202",36.9314,21.4712,12.5636,25.2189
"203",36.9811,21.5529,12.6094,25.3086
"204",37.0733,21.4763,12.5165,25.2888
"205",36.957,21.5385,12.5747,25.2981
"206",37.1627,21.5784,12.5482,25.3618
"207",37.1273,21.5615,12.5779,25.3668
"208",36.7635,21.5192,12.5827,25.2559
"209",37.0291,21.5744,12.4951,25.3488
"210",36.5442,21.5314,12.5889,25.2254
"211",36.6107,21.6096,12.5799,25.321
"212",36.3568,21.6049,12.5943,25.2823
"213",36.6435,21.7504,12.583,25.4334
"214",36.919,21.6836,12.5134,25.4284
"215",37.3493,21.645,12.528,25.49
"216",37.5015,21.6749,12.6053,25.5414
"217",37.0894,21.682,12.5513,25.4408
"218",37.0656,21.6899,12.5554,25.4253
"219",37.4371,21.6513,12.5111,25.4856
"220",37.6328,21.6238,12.5382,25.4973
"221",37.686,21.6378,12.5159,25.5179
"222",37.267,21.6247,12.5406,25.3858
"223",37.2392,21.6992,12.561,25.417
"224",37.3513,21.6197,12.5581,25.3958
"225",37.0958,21.6475,12.5284,25.368
"226",37.1624,21.699,12.5272,25.4273
"227",37.0129,21.7601,12.5173,25.4812
"228",37.2975,21.6712,12.5415,25.4971
"229",36.7685,21.6496,12.5216,25.3523
"230",37.385,21.7079,12.565,25.4977
"231",37.2071,21.7328,12.5989,25.4624
"232",37.2323,21.734,12.5519,25.4995
"233",36.8206,21.6884,12.5295,25.3673
"234",37.4112,21.7185,12.5621,25.5086
"235",37.2067,21.7292,12.5105,25.4998
"236",37.4155,21.6934,12.5213,25.549
"237",36.951,21.6908,12.5351,25.4581
"238",37.0325,21.7489,12.5214,25.4924
"239",36.8888,21.6625,12.5616,25.4051
"240",37.4383,21.7224,12.5358,25.5502
"241",37.4734,21.7632,12.6135,25.607
"242",37.1662,21.7396,12.6156,25.5154
"243",37.2996,21.6943,12.5753,25.4967
"244",37.1928,21.7665,12.5339,25.5088
"245",36.9708,21.6705,12.6358,25.4072
"246",36.8396,21.8019,12.5907,25.4541
"247",36.9703,21.7396,12.5496,25.4284
"248",37.1879,21.7688,12.4809,25.5162
"249",37.1717,21.7089,12.5722,25.4647
"250",37.214,21.6656,12.619,25.486
"251",36.7838,21.709,12.5354,25.4148
"252",36.5546,21.6997,12.5686,25.3544
"253",36.9484,21.6596,12.6539,25.3699
"254",37.0131,21.6284,12.5267,25.3739
"255",37.3619,21.7184,12.6155,25.5189
"256",37.1487,21.5867,12.5351,25.3709
"257",37.4074,21.6159,12.4905,25.4593
"258",37.1647,21.5748,12.5301,25.3876
"259",37.6505,21.672,12.575,25.587
"260",37.6052,21.5981,12.4971,25.5257
"261",37.6595,21.6163,12.5368,25.5324
"262",37.6385,21.528,12.5698,25.5193
"263",37.3681,21.5601,12.5124,25.4431
"264",36.9264,21.6204,12.5825,25.4522
"265",36.9548,21.669,12.55,25.4706
"266",36.622,21.6033,12.6277,25.3568
"267",36.7411,21.6095,12.493,25.3406
"268",37.3761,21.6289,12.6201,25.5243
"269",37.1025,21.6801,12.5657,25.4567
"270",37.3737,21.6163,12.5616,25.4623
"271",36.9704,21.6269,12.5991,25.3826
"272",37.5899,21.5857,12.5826,25.4553
"273",37.5403,21.5235,12.5605,25.4112
"274",37.4372,21.5621,12.5482,25.4231
"275",36.9906,21.6354,12.5997,25.3915
"276",37.3672,21.5699,12.5942,25.4235
"277",36.961,21.6754,12.616,25.457
"278",36.904,21.6088,12.5421,25.3493
"279",37.1147,21.5443,12.5778,25.3697
"280",37.0444,21.6186,12.5581,25.4028
"281",37.2464,21.7477,12.519,25.4763
"282",37.8294,21.6894,12.5451,25.5767
"283",37.2631,21.635,12.5472,25.4581
"284",37.5466,21.6415,12.5807,25.494
"285",37.2467,21.5877,12.5764,25.3789
"286",37.0905,21.6029,12.4668,25.3546
"287",37.4807,21.593,12.5011,25.426
"288",37.7328,21.5969,12.5351,25.4433
"289",37.2456,21.6087,12.5809,25.3694
"290",37.474,21.6073,12.5223,25.3835
"291",37.5121,21.6361,12.5093,25.452
"292",37.4351,21.6638,12.5552,25.4156
"293",36.9819,21.712,12.5329,25.3574
"294",36.6423,21.6311,12.4964,25.244
"295",36.9012,21.6454,12.5353,25.3312
"296",36.8332,21.6021,12.4495,25.3192
"297",37.4444,21.6497,12.5305,25.4688
"298",37.0057,21.6642,12.4725,25.4081
"299",37.4746,21.6218,12.4783,25.4926
"300",36.8478,21.6489,12.395,25.3924
"301",37.2651,21.6358,12.4679,25.4673
"302",36.8707,21.4944,12.5239,25.2906
"303",37.1892,21.7136,12.5183,25.5108
"304",37.6216,21.6561,12.5202,25.5798
"305",37.4509,21.6047,12.5164,25.502
"306",37.1985,21.663,12.6549,25.4672
"307",37.7462,21.6917,12.5496,25.6118
"308",37.6825,21.5892,12.5856,25.5439
"309",37.112,21.6603,12.5686,25.466
"310",37.0866,21.7045,12.6146,25.4885
"311",37.1966,21.6633,12.5942,25.4697
"312",36.6813,21.6204,12.5292,25.3375
"313",36.9303,21.6678,12.5229,25.4316
"314",36.8089,21.6259,12.5816,25.3838
"315",36.8683,21.6316,12.4907,25.358
"316",36.9573,21.6757,12.553,25.3937
"317",37.4961,21.7151,12.5998,25.536
"318",37.0113,21.6883,12.5211,25.4061
"319",36.5082,21.7111,12.5321,25.3557
"320",37.4948,21.6509,12.5328,25.515
"321",37.2437,21.704,12.4879,25.4664
"322",37.35,21.6667,12.5026,25.4304
"323",37.6929,21.6341,12.4884,25.4849
"324",37.7091,21.6917,12.5413,25.5282
"325",37.6036,21.7265,12.4893,25.5494
"326",37.7312,21.6708,12.4628,25.4839
"327",37.4087,21.6133,12.5098,25.3926
"328",37.5041,21.6117,12.5478,25.3916
"329",37.7115,21.7168,12.4668,25.5
"330",38.0547,21.5478,12.5611,25.4224
"331",37.5252,21.5839,12.483,25.3352
"332",37.5459,21.6652,12.4984,25.3993
"333",37.7786,21.6812,12.4926,25.4509
"334",37.7272,21.5432,12.4901,25.3314
"335",37.677,21.6065,12.4825,25.3772
"336",37.5733,21.6368,12.5016,25.3907
"337",37.7539,21.6214,12.4986,25.4105
"338",37.6197,21.5758,12.5474,25.3582
"339",37.5292,21.503,12.4964,25.3045
"340",37.8011,21.5488,12.4944,25.3581
"341",37.6798,21.5471,12.5333,25.3391
"342",37.2421,21.5187,12.5003,25.2576
"343",37.301,21.5725,12.4527,25.2827
"344",36.757,21.5045,12.53,25.1582
"345",36.6109,21.479,12.5932,25.0775
"346",36.8438,21.4666,12.5903,25.1318
"347",37.13,21.5191,12.5461,25.2134
"348",37.1672,21.5876,12.6703,25.3089
"349",37.4593,21.4904,12.5979,25.2895
"350",36.9453,21.515,12.5844,25.2238
"351",37.0372,21.535,12.5264,25.2631
"352",36.8812,21.6194,12.5769,25.3322
"353",36.9173,21.5301,12.5063,25.2586
"354",37.0324,21.5433,12.5303,25.2815
"355",36.179,21.4972,12.524,25.0775
"356",36.778,21.4364,12.5453,25.1534
"357",36.9394,21.5025,12.4624,25.2445
"358",36.6856,21.47,12.5018,25.1625
"359",36.7407,21.5647,12.5292,25.2545
"360",36.908,21.5126,12.4562,25.2265
"361",36.5191,21.532,12.56,25.2112
"362",37.046,21.527,12.5771,25.2779
"363",37.1147,21.5069,12.5752,25.2977
"364",36.701,21.5208,12.525,25.1977
"365",36.8278,21.5483,12.5991,25.2721
"366",36.6229,21.4996,12.535,25.1666
"367",36.5469,21.4758,12.5208,25.1336
"368",37.0522,21.4563,12.4491,25.2139
"369",36.6925,21.5495,12.4888,25.2018
"370",36.6563,21.4212,12.5705,25.1091
"371",36.5077,21.4876,12.553,25.1343
"372",36.1777,21.4525,12.6307,25.0658
"373",36.5491,21.5359,12.6482,25.2051
"374",37.1068,21.5214,12.5811,25.3301
"375",37.3074,21.4885,12.5309,25.2806
"376",37.5119,21.4101,12.5299,25.2787
"377",37.1808,21.5579,12.605,25.3041
"378",36.9958,21.5161,12.5778,25.246
"379",37.3797,21.5525,12.5359,25.3513
"380",37.5485,21.544,12.4658,25.3845
"381",37.778,21.5558,12.4566,25.4608
"382",37.5244,21.537,12.4472,25.3251
"383",37.4339,21.5569,12.4025,25.3436
"384",37.9803,21.5314,12.4744,25.4632
"385",37.9382,21.52,12.4286,25.4115
"386",38.1147,21.4884,12.4394,25.4407
"387",37.5728,21.4453,12.5273,25.3237
"388",37.9028,21.5381,12.4247,25.4226
"389",37.5642,21.5559,12.5061,25.4155
"390",37.9724,21.5277,12.443,25.4195
"391",38.1729,21.5706,12.4675,25.4655
"392",37.965,21.6253,12.4601,25.4479
"393",37.868,21.5913,12.4457,25.3903
"394",37.5123,21.5332,12.5267,25.3277
"395",37.4231,21.5729,12.4601,25.3185
"396",37.4638,21.5659,12.4712,25.3343
"397",38.0274,21.6432,12.5404,25.4848
"398",38.552,21.5602,12.454,25.5514
"399",37.8684,21.5263,12.5026,25.368
"400",37.6588,21.6208,12.5349,25.3868
"401",36.5822,21.5103,12.5157,25.1182
"402",37.0095,21.4793,12.5557,25.1424
"403",36.8891,21.5838,12.5279,25.167
"404",37.0986,21.4653,12.4618,25.1164
"405",37.7772,21.5705,12.4369,25.2987
"406",37.7318,21.5479,12.489,25.3089
"407",38.1569,21.6615,12.4833,25.4832
"408",37.3429,21.5531,12.4759,25.2221
"409",37.5439,21.567,12.5107,25.2744
"410",37.8866,21.5667,12.4207,25.3597
"411",37.4875,21.5559,12.4538,25.2703
"412",37.2129,21.5347,12.5424,25.1904
"413",36.8747,21.5661,12.5015,25.1303
"414",37.2849,21.5902,12.5881,25.2319
"415",37.6296,21.5302,12.4237,25.2295
"416",37.8268,21.6433,12.5135,25.3382
"417",37.7712,21.586,12.4951,25.3168
"418",37.6275,21.5594,12.5065,25.2541
"419",37.1059,21.517,12.4796,25.0938
"420",37.0572,21.551,12.506,25.1393
"421",37.7993,21.4784,12.4404,25.1777
"422",37.4126,21.6379,12.5202,25.2451
"423",37.3325,21.5442,12.4734,25.1292
"424",37.8709,21.5843,12.4159,25.2789
"425",37.4995,21.6138,12.4507,25.2127
"426",36.9007,21.5848,12.4688,25.0662
"427",37.3178,21.5676,12.5151,25.1297
"428",37.058,21.5983,12.4465,25.1052
"429",37.0088,21.5937,12.5011,25.0777
"430",36.7447,21.5818,12.4657,25.0263
"431",36.6658,21.6126,12.4761,25.0215
"432",36.781,21.6148,12.4857,25.0726
"433",37.0682,21.5714,12.5147,25.0905
"434",37.1895,21.6472,12.4804,25.1756
"435",36.8338,21.6212,12.5699,25.0808
"436",37.0742,21.6286,12.5501,25.0934
"437",37.4288,21.6207,12.5648,25.143
"438",37.1183,21.5369,12.4282,25.009
"439",37.7167,21.4678,12.4837,25.1058
"440",37.3596,21.5533,12.4636,25.0956
"441",37.4964,21.5277,12.4802,25.0869
"442",37.2531,21.4609,12.4547,24.999
"443",37.5914,21.4795,12.5076,25.098
"444",37.2035,21.5405,12.5064,25.0618
"445",36.7671,21.475,12.5131,24.9311
"446",36.8776,21.5038,12.4465,24.9815
"447",37.1734,21.5151,12.4451,25.0346
"448",37.1402,21.6137,12.5398,25.0977
"449",37.1681,21.5188,12.5751,25.0327
"450",37.2064,21.5453,12.5316,25.072
"451",37.5659,21.5881,12.6588,25.1701
"452",37.6236,21.5114,12.5964,25.1262
"453",37.5185,21.5178,12.477,25.1365
"454",37.4757,21.5925,12.4996,25.1437
"455",37.1667,21.5086,12.4863,25.018
"456",37.4678,21.5778,12.5066,25.1326
"457",37.3917,21.5861,12.4887,25.1167
"458",37.2298,21.6092,12.5288,25.1166
"459",37.4714,21.5334,12.4276,25.0831
"460",36.8586,21.5613,12.4688,25.0077
"461",36.8395,21.582,12.5307,25.0256
"462",36.3627,21.5212,12.4913,24.8922
"463",36.4043,21.5873,12.5659,24.9614
"464",36.7054,21.5582,12.5786,24.9854
"465",36.4744,21.508,12.4289,24.8756
"466",36.7021,21.5336,12.4855,24.981
"467",36.6728,21.4874,12.6132,24.9242
"468",36.6612,21.5155,12.4899,24.9367
"469",36.3617,21.5047,12.5299,24.8454
"470",36.8364,21.4819,12.4985,24.919
"471",37.0467,21.5177,12.5069,24.9751
"472",36.9148,21.4818,12.4759,24.9455
"473",37.4288,21.5588,12.4661,25.1101
"474",36.9562,21.6007,12.4634,25.0144
"475",37.1063,21.5954,12.5427,25.0466
"476",37.6907,21.6963,12.5901,25.2721
"477",37.4486,21.589,12.5393,25.1387
"478",37.2009,21.5904,12.5379,25.0804
"479",37.8159,21.5397,12.523,25.1636
"480",37.8039,21.4823,12.4776,25.1206
"481",37.4726,21.5649,12.502,25.1266
"482",37.2501,21.5562,12.5164,25.0606
"483",37.0394,21.5881,12.5116,25.0678
"484",36.7685,21.5322,12.5262,24.9568
"485",36.8963,21.5904,12.4754,25.0257
"486",37.0817,21.5755,12.4513,25.062
"487",37.2951,21.5469,12.507,25.0732
"488",37.3554,21.5506,12.4517,25.0879
"489",37.2633,21.5013,12.5696,25.0525
"490",37.6426,21.6667,12.5535,25.2193
"491",37.858,21.547,12.5035,25.155
"492",37.0577,21.5626,12.5225,25.0262
"493",37.2856,21.5327,12.5017,25.0358
"494",37.3729,21.4839,12.4868,25.0322
"495",37.4602,21.5695,12.5384,25.1111
"496",37.1702,21.6207,12.5106,25.1164
"497",36.858,21.5527,12.4898,24.9927
"498",37.3033,21.5702,12.5619,25.1051
"499",37.7408,21.4151,12.5069,25.1016
"500",37.8285,21.5474,12.5373,25.2167
"501",37.3606,21.4801,12.5006,25.051
"502",37.2857,21.5469,12.471,25.0941
"503",37.4381,21.4952,12.3944,25.0809
"504",37.5501,21.5261,12.4557,25.1039
"505",37.335,21.5693,12.5302,25.1039
"506",37.2359,21.5354,12.498,25.1102
"507",37.4974,21.5328,12.4634,25.1344
"508",37.7179,21.5847,12.5115,25.2225
"509",37.7402,21.4726,12.4425,25.1159
"510",37.4204,21.6274,12.4714,25.1952
"511",37.4669,21.4636,12.4822,25.0649
"512",37.525,21.5097,12.4996,25.0859
"513",37.582,21.5579,12.4433,25.1382
"514",37.3458,21.5406,12.4824,25.0889
"515",37.3181,21.567,12.5428,25.1444
"516",36.6581,21.5436,12.4772,25.0054
"517",36.9671,21.5864,12.4084,25.0733
"518",37.3412,21.6016,12.4677,25.16
"519",37.4681,21.5407,12.3747,25.1271
"520",37.6523,21.5817,12.484,25.1917
"521",37.3205,21.4985,12.4039,25.0381
"522",37.5101,21.4581,12.4121,25.0708
"523",37.0248,21.505,12.4681,24.9921
"524",37.8184,21.5689,12.444,25.2161
"525",37.7669,21.6114,12.4867,25.2538
"526",37.6329,21.6202,12.4945,25.2502
"527",37.7142,21.5187,12.5452,25.1944
"528",37.5674,21.5217,12.5424,25.158
"529",37.2817,21.5776,12.5279,25.1177
"530",37.2477,21.5625,12.4577,25.1019
"531",36.753,21.6184,12.5106,25.0587
"532",36.8413,21.5493,12.5144,25.0113
"533",37.0381,21.5382,12.5094,25.0588
"534",37.7092,21.5019,12.5118,25.1625
"535",37.368,21.5681,12.5613,25.1594
"536",37.1684,21.5245,12.4761,25.09
"537",36.9582,21.5065,12.5635,25.0212
"538",37.4249,21.4813,12.4817,25.0666
"539",37.4414,21.4946,12.4983,25.0755
"540",37.606,21.5412,12.4729,25.1424
"541",37.8116,21.4583,12.4777,25.1244
"542",37.6002,21.5111,12.4966,25.1298
"543",37.3087,21.4669,12.4856,25.029
"544",37.1664,21.5106,12.5033,25.0477
"545",37.1068,21.4215,12.5631,24.9857
"546",37.3259,21.6045,12.4778,25.1601
"547",37.1073,21.4347,12.5312,24.9806
"548",37.4342,21.5241,12.4332,25.1133
"549",37.2947,21.5222,12.5173,25.094
"550",37.5415,21.5533,12.519,25.1233
"551",37.618,21.5871,12.4572,25.1674
"552",37.604,21.5407,12.5348,25.1852
"553",37.4686,21.4535,12.4788,25.0368
"554",37.8137,21.4995,12.4923,25.1488
"555",37.6639,21.5109,12.4471,25.1255
"556",37.6184,21.5564,12.4986,25.1418
"557",37.5263,21.4925,12.4781,25.0486
"558",37.4261,21.5621,12.4529,25.0759
"559",37.8254,21.5719,12.4907,25.1821
"560",38.1193,21.4744,12.4396,25.1722
"561",37.4659,21.5685,12.5266,25.093
"562",37.4786,21.4724,12.4175,25.015
"563",37.5878,21.5714,12.4994,25.1502
"564",37.7975,21.5775,12.4905,25.2009
"565",38.0634,21.5245,12.4414,25.1862
"566",37.7737,21.4485,12.4321,25.0666
"567",37.9621,21.5132,12.435,25.176
"568",37.7274,21.4939,12.4179,25.0815
"569",37.4973,21.5974,12.4356,25.135
"570",37.8367,21.5556,12.4738,25.1655
"571",38.0606,21.5245,12.436,25.1698
"572",37.7632,21.5091,12.4759,25.087
"573",37.9796,21.5085,12.4602,25.1544
"574",37.6565,21.4722,12.3618,25.0475
"575",37.4515,21.5687,12.4642,25.0777
"576",37.5458,21.5429,12.5358,25.0743
"577",37.895,21.4814,12.5052,25.1219
"578",37.7131,21.5029,12.495,25.0828
"579",36.9826,21.562,12.5462,24.9922
"580",37.8154,21.4818,12.4156,25.1059
"581",38.4779,21.5236,12.5322,25.2515
"582",38.0061,21.5355,12.4552,25.1954
"583",37.2362,21.6173,12.4793,25.0789
"584",37.5147,21.5203,12.5377,25.0533
"585",37.7862,21.5607,12.5407,25.1438
"586",37.346,21.4861,12.4785,25.0072
"587",37.5816,21.5011,12.4717,25.0593
"588",37.5407,21.5133,12.4972,25.0783
"589",36.6922,21.5114,12.5954,24.9194
"590",37.5591,21.5223,12.4908,25.0906
"591",37.8283,21.4997,12.5155,25.1011
"592",37.4335,21.5149,12.5215,25.062
"593",37.4138,21.6096,12.4851,25.0961
"594",37.2691,21.5289,12.4682,25.0078
"595",37.6859,21.4802,12.4882,25.0679
"596",37.8941,21.5924,12.5182,25.174
"597",37.9875,21.4689,12.3935,25.1299
"598",37.8554,21.5663,12.4992,25.1939
"599",37.9209,21.4961,12.4605,25.1696
"600",37.9661,21.5115,12.5776,25.1601
"601",37.848,21.5106,12.4923,25.128
"602",37.4818,21.4994,12.5299,25.0729
"603",37.8492,21.4659,12.5859,25.1356
"604",38.08,21.5454,12.5354,25.2515
"605",38.0962,21.534,12.5535,25.2355
"606",37.9314,21.5449,12.5237,25.2159
"607",38.0372,21.5753,12.4941,25.2325
"608",37.8828,21.5404,12.5313,25.1902
"609",38.3257,21.4855,12.5002,25.2248
"610",38.8924,21.5593,12.472,25.4156
"611",38.522,21.6239,12.5905,25.3746
"612",38.792,21.5734,12.4552,25.4094
"613",38.6913,21.5427,12.4958,25.3491
"614",38.3596,21.539,12.5008,25.2678
"615",38.6321,21.5688,12.5539,25.3359
"616",38.6954,21.5488,12.4526,25.3139
"617",38.3869,21.6464,12.487,25.3315
"618",38.8907,21.6684,12.4797,25.4706
"619",38.7115,21.6546,12.4258,25.4272
"620",38.7479,21.6302,12.4918,25.416
"621",38.4028,21.5444,12.4892,25.2727
"622",38.9618,21.571,12.5675,25.417
"623",39.152,21.4583,12.4766,25.3677
"624",39.5731,21.5617,12.6115,25.5553
"625",38.9391,21.5108,12.5538,25.4082
"626",38.5951,21.452,12.5254,25.29
"627",39.3442,21.5809,12.5586,25.5188
"628",39.469,21.5544,12.6094,25.5354
"629",39.0012,21.606,12.5316,25.4633
"630",38.7584,21.6184,12.5027,25.4128
"631",38.8175,21.6209,12.6244,25.4306
"632",38.8218,21.5694,12.5711,25.4171
"633",38.819,21.5784,12.5339,25.4294
"634",38.9333,21.5142,12.5719,25.4095
"635",38.893,21.532,12.6128,25.4038
"636",39.6019,21.582,12.5714,25.6013
"637",39.2344,21.5085,12.5791,25.4666
"638",39.512,21.5714,12.5138,25.5729
"639",39.3495,21.5259,12.5805,25.529
"640",39.0319,21.4894,12.6002,25.4115
"641",39.0796,21.555,12.5173,25.4531
"642",38.5123,21.5707,12.498,25.3666
"643",37.853,21.5316,12.5872,25.2256
"644",38.3793,21.6715,12.5141,25.4077
"645",38.4779,21.4996,12.5484,25.2992
"646",38.6289,21.6351,12.5121,25.4133
"647",38.5617,21.5346,12.5089,25.309
"648",38.2572,21.6045,12.5473,25.3327
"649",38.3472,21.585,12.4707,25.3155
"650",38.7981,21.5678,12.4678,25.4081
"651",39.1089,21.6294,12.4838,25.5022
"652",38.7042,21.5732,12.4485,25.3679
"653",38.8893,21.5727,12.4345,25.3959
"654",38.6912,21.593,12.4631,25.3755
"655",38.3356,21.7319,12.4963,25.4005
"656",38.5199,21.5927,12.5117,25.3259
"657",38.401,21.6471,12.4821,25.3532
"658",37.9486,21.671,12.5452,25.2815
"659",37.9667,21.5292,12.5028,25.1639
"660",37.6243,21.5543,12.4289,25.1308
"661",37.5021,21.6547,12.5195,25.1962
"662",37.8009,21.6539,12.485,25.2394
"663",37.6682,21.6103,12.4682,25.1871
"664",38.2091,21.5086,12.4946,25.2362
"665",38.3066,21.5235,12.5209,25.2501
"666",38.2835,21.6501,12.4315,25.3225
"667",38.033,21.4965,12.4744,25.1536
"668",38.7909,21.5943,12.5577,25.4021
"669",39.0612,21.5433,12.413,25.4056
"670",38.3732,21.4964,12.5145,25.2428
"671",38.1431,21.5838,12.4973,25.2636
"672",38.3403,21.5316,12.5108,25.2716
"673",38.007,21.4946,12.4677,25.1711
"674",37.5192,21.4832,12.5035,25.1032
"675",37.8334,21.6386,12.5067,25.2606
"676",38.4676,21.5769,12.4493,25.3295
"677",38.1743,21.5119,12.498,25.2506
"678",38.4545,21.5449,12.4596,25.3297
"679",38.7571,21.5013,12.507,25.3845
"680",38.1844,21.5726,12.4716,25.2955
"681",37.9376,21.5995,12.4795,25.291
"682",38.0159,21.5986,12.4986,25.2873
"683",37.6607,21.6185,12.5266,25.2255
"684",37.5703,21.6027,12.537,25.2165
"685",38.0776,21.6561,12.5438,25.326
"686",37.8455,21.5709,12.4895,25.1615
"687",38.4489,21.5937,12.5486,25.3244
"688",37.7495,21.5223,12.5019,25.1474
"689",37.7459,21.5761,12.5736,25.1912
"690",37.9283,21.6667,12.5329,25.3077
"691",37.983,21.6258,12.5513,25.2976
"692",38.3973,21.6495,12.5684,25.4054
"693",38.2025,21.5378,12.4549,25.2812
"694",38.0649,21.6821,12.57,25.3686
"695",38.1349,21.6083,12.4801,25.3106
"696",37.9343,21.5948,12.5934,25.2682
"697",38.2788,21.5935,12.5386,25.3444
"698",38.6415,21.6018,12.5601,25.4216
"699",38.4256,21.6325,12.5196,25.3888
"700",38.0732,21.5401,12.6573,25.2457
"701",38.0309,21.5742,12.5264,25.2246
"702",38.1019,21.5821,12.447,25.2437
"703",38.1368,21.4983,12.4806,25.1598
"704",38.1558,21.5326,12.3968,25.1888
"705",37.8506,21.519,12.606,25.1436
"706",37.7632,21.5367,12.5293,25.1499
"707",37.4975,21.6148,12.5995,25.1635
"708",37.5829,21.5151,12.5765,25.0914
"709",37.3831,21.4745,12.53,25.0004
"710",38.0033,21.626,12.5003,25.2296
"711",37.341,21.6044,12.4034,25.0991
"712",37.424,21.5977,12.4856,25.1444
"713",36.9007,21.5685,12.5245,25.0364
"714",37.4502,21.5637,12.5421,25.134
"715",37.5055,21.5279,12.4966,25.0938
"716",37.3582,21.5836,12.5653,25.1408
"717",37.6757,21.4609,12.4593,25.0816
"718",37.9594,21.6078,12.4417,25.2492
"719",37.8719,21.5514,12.4688,25.1653
"720",37.5399,21.5784,12.431,25.1204
"721",37.6456,21.5518,12.4858,25.1273
"722",37.8644,21.5358,12.5429,25.1853
"723",37.5646,21.5435,12.4809,25.1056
"724",37.6954,21.5608,12.4171,25.154
"725",37.8778,21.533,12.4991,25.1646
"726",37.6243,21.594,12.5426,25.1616
"727",37.4701,21.5033,12.5224,25.0785
"728",37.4611,21.5765,12.5313,25.136
"729",37.0938,21.545,12.4512,25.0588
"730",36.5663,21.5126,12.4365,24.9051
"731",36.5692,21.6245,12.5235,24.9873
"732",37.0597,21.5678,12.4645,25.0669
"733",37.3191,21.5173,12.559,25.0892
"734",37.3275,21.5591,12.5181,25.0974
"735",37.6911,21.507,12.5448,25.1037
"736",37.094,21.5058,12.521,25.0074
"737",37.0185,21.5339,12.484,24.9795
"738",37.6233,21.556,12.5714,25.116
"739",37.555,21.5574,12.5014,25.0991
"740",37.2334,21.4835,12.5749,24.9875
"741",37.1353,21.5244,12.5434,24.9993
"742",37.3581,21.5379,12.4916,25.0599
"743",37.2855,21.5568,12.5099,25.0608
"744",37.0894,21.6135,12.6401,25.0721
"745",37.1994,21.4725,12.6049,24.9852
"746",37.1646,21.583,12.4988,25.039
"747",36.677,21.6112,12.5071,24.9735
"748",36.8951,21.5574,12.6108,24.9721
"749",36.8872,21.5085,12.5792,24.9358
"750",37.1584,21.5297,12.5853,25.0047
"751",36.5487,21.5801,12.5673,24.9559
"752",36.456,21.5981,12.579,24.9861
"753",36.4934,21.5529,12.5335,24.9588
"754",36.437,21.5679,12.6636,24.957
"755",36.9098,21.5623,12.6572,25.0546
"756",37.0475,21.5012,12.7016,25.0437
"757",37.0219,21.5067,12.6736,25.0315
"758",36.6718,21.4877,12.6179,24.9364
"759",36.5287,21.5578,12.6254,24.9269
"760",36.2101,21.5792,12.6399,24.8856
"761",36.1444,21.5836,12.614,24.8737
"762",36.2729,21.5658,12.582,24.8997
"763",36.3297,21.5592,12.5734,24.9281
"764",36.3799,21.508,12.5531,24.9053
"765",35.7518,21.5396,12.5591,24.7809
"766",36.3958,21.495,12.5874,24.8643
"767",36.1105,21.4922,12.5593,24.7955
"768",36.8624,21.5228,12.5203,24.9704
"769",36.427,21.6098,12.4813,24.9587
"770",35.9206,21.6357,12.5656,24.9174
"771",35.8542,21.5536,12.5477,24.8291
"772",36.0845,21.5223,12.5218,24.8088
"773",35.6717,21.5186,12.5933,24.7521
"774",35.8406,21.5498,12.5767,24.7711
"775",36.0527,21.4785,12.4727,24.7336
"776",36.3196,21.4913,12.4663,24.7775
"777",35.6585,21.4609,12.6045,24.6672
"778",35.6792,21.4501,12.6254,24.6634
"779",35.7237,21.4672,12.578,24.7
"780",36.009,21.5024,12.5035,24.7639
"781",36.3431,21.5042,12.5813,24.8334
"782",36.431,21.5218,12.4985,24.8735
"783",36.7296,21.4472,12.5447,24.8731
"784",36.2799,21.4943,12.4924,24.808
"785",35.8682,21.5024,12.5469,24.7423
"786",36.035,21.4916,12.5289,24.7732
"787",35.7803,21.4981,12.4974,24.7009
"788",36.5042,21.5634,12.4922,24.9554
"789",36.0603,21.5494,12.479,24.8689
"790",36.2904,21.5025,12.5503,24.8774
"791",36.364,21.5303,12.5668,24.9261
"792",36.0726,21.5372,12.5397,24.8027
"793",36.3157,21.5451,12.5443,24.8687
"794",36.2044,21.484,12.4806,24.7947
"795",36.1066,21.5228,12.5398,24.8084
"796",35.9092,21.5139,12.499,24.7833
"797",35.6437,21.5,12.5409,24.731
"798",35.7218,21.5613,12.5584,24.7879
"799",36.24,21.5173,12.5297,24.8453
"800",36.1774,21.4722,12.476,24.787
"801",36.2073,21.4442,12.4327,24.7749
"802",36.3815,21.5452,12.4167,24.8657
"803",36.2519,21.4511,12.3865,24.7649
"804",36.0306,21.5186,12.3771,24.8102
"805",35.8788,21.5739,12.4426,24.8401
"806",36.1827,21.5235,12.5037,24.8565
"807",35.8904,21.4997,12.5001,24.7667
"808",35.9983,21.4668,12.4719,24.7754
"809",36.0173,21.5478,12.4861,24.8328
"810",36.2826,21.5255,12.4827,24.8739
"811",35.9597,21.5184,12.5214,24.8214
"812",35.4767,21.5902,12.4849,24.7668
"813",35.6953,21.5623,12.5848,24.7894
"814",35.5619,21.52,12.5391,24.7393
"815",36.1671,21.5738,12.4865,24.8835
"816",36.4432,21.5891,12.5581,24.9563
"817",36.2057,21.5787,12.4919,24.8948
"818",36.5071,21.5268,12.4751,24.9064
"819",36.1977,21.5115,12.4593,24.8441
"820",36.1028,21.5082,12.4516,24.8332
"821",35.9202,21.5335,12.5107,24.8493
"822",35.5446,21.5207,12.538,24.7417
"823",35.609,21.528,12.5176,24.7529
"824",35.5806,21.5299,12.4864,24.7638
"825",35.4708,21.572,12.5233,24.7561
"826",35.5441,21.5225,12.5169,24.723
"827",35.4793,21.4601,12.5945,24.685
"828",35.2882,21.5502,12.5973,24.7157
"829",35.2602,21.5595,12.5721,24.6987
"830",35.7524,21.4553,12.5262,24.7456
"831",35.9424,21.4923,12.5473,24.7973
"832",36.1549,21.5147,12.5747,24.8315
"833",36.249,21.5015,12.4971,24.8085
"834",36.2509,21.5408,12.4802,24.8349
"835",35.5675,21.48,12.5356,24.693
"836",35.6305,21.5829,12.5176,24.7753
"837",35.589,21.5512,12.4858,24.7391
"838",35.9484,21.5539,12.5179,24.8035
"839",35.5438,21.5996,12.5728,24.7918
"840",35.9802,21.647,12.5729,24.9101
"841",36.1308,21.5393,12.4815,24.8444
"842",35.4671,21.6018,12.5959,24.7692
"843",35.7247,21.524,12.5238,24.7251
"844",35.9465,21.5224,12.6129,24.8056
"845",35.7953,21.5516,12.5374,24.8146
"846",35.5311,21.5796,12.4955,24.7955
"847",35.6695,21.5477,12.5,24.7762
"848",36.173,21.4702,12.4937,24.8081
"849",36.1009,21.5439,12.4521,24.8285
"850",35.7435,21.5949,12.5795,24.8026
"851",36.1774,21.5388,12.47,24.8257
"852",36.3271,21.5352,12.4725,24.8644
"853",36.3674,21.5264,12.5338,24.8385
"854",35.9199,21.5364,12.4845,24.779
"855",35.8767,21.525,12.4405,24.7589
"856",35.9676,21.5492,12.5508,24.8032
"857",35.9704,21.4785,12.4759,24.736
"858",35.7341,21.5785,12.4238,24.7312
"859",35.9002,21.5753,12.5422,24.7871
"860",36.1387,21.5423,12.5566,24.8079
"861",35.915,21.6373,12.5122,24.8383
"862",35.5759,21.5584,12.4775,24.711
"863",35.5338,21.5665,12.4923,24.7395
"864",35.3043,21.5762,12.4841,24.7047
"865",35.7139,21.5911,12.4842,24.7945
"866",35.8426,21.5603,12.4929,24.7624
"867",35.523,21.5121,12.4585,24.6609
"868",35.6708,21.6233,12.5331,24.7907
"869",35.1633,21.6319,12.4958,24.6498
"870",35.8665,21.6089,12.5001,24.7982
"871",35.4289,21.5496,12.4624,24.63
"872",35.3994,21.6126,12.4461,24.7127
"873",35.7329,21.5411,12.4667,24.7084
"874",35.5181,21.5708,12.463,24.6789
"875",35.5944,21.5984,12.5353,24.7283
"876",35.5894,21.6125,12.5246,24.7275
"877",35.7807,21.6879,12.5113,24.8247
"878",35.8653,21.6361,12.5837,24.7735
"879",35.8411,21.631,12.591,24.7738
"880",35.4486,21.5387,12.5865,24.626
"881",35.6476,21.5882,12.573,24.6997
"882",35.8255,21.5361,12.454,24.7274
"883",35.9438,21.555,12.5609,24.7608
"884",35.6089,21.4833,12.5516,24.6354
"885",35.5204,21.5896,12.5055,24.703
"886",35.6015,21.6005,12.5501,24.7486
"887",35.9132,21.6052,12.4751,24.8058
"888",35.4502,21.6204,12.5116,24.7286
"889",35.5886,21.58,12.4236,24.7332
"890",35.9586,21.6094,12.4261,24.7807
"891",36.1513,21.6373,12.5157,24.8605
"892",36.1509,21.543,12.4269,24.78
"893",36.1131,21.6209,12.5399,24.8339
"894",36.6636,21.667,12.5619,24.9879
"895",36.3116,21.6205,12.624,24.9377
"896",36.5296,21.6654,12.5598,25.005
"897",36.7991,21.6465,12.4947,25.0197
"898",36.7745,21.6789,12.5983,25.0568
"899",36.5508,21.6223,12.5695,24.9542
"900",36.323,21.5524,12.5577,24.8676
"901",36.3374,21.5939,12.4977,24.8759
"902",36.0629,21.5394,12.5277,24.7889
"903",36.2152,21.6479,12.6442,24.9138
"904",35.9922,21.5781,12.5431,24.7775
"905",36.1443,21.5854,12.6133,24.8441
"906",36.2924,21.6585,12.5041,24.8897
"907",36.1766,21.6935,12.5895,24.9476
"908",35.7415,21.6348,12.6072,24.8262
"909",35.7843,21.7315,12.536,24.9113
"910",35.8373,21.6423,12.4708,24.8616
"911",35.7759,21.6026,12.5504,24.8035
"912",36.0997,21.5967,12.568,24.8708
"913",35.8705,21.6569,12.6035,24.8962
"914",35.7683,21.5652,12.6639,24.8741
"915",35.5704,21.6191,12.6171,24.8575
"916",35.2975,21.5688,12.6215,24.7574
"917",35.9254,21.6282,12.5347,24.9064
"918",36.091,21.5652,12.5862,24.9148
"919",35.5726,21.5653,12.58,24.7926
"920",35.161,21.5813,12.5085,24.7047
"921",35.3379,21.5496,12.5447,24.7302
"922",35.2376,21.574,12.5297,24.7029
"923",35.32,21.5344,12.4709,24.6989
"924",35.6288,21.5893,12.5007,24.7899
"925",35.8267,21.5562,12.4638,24.8197
"926",35.822,21.6226,12.4997,24.8474
"927",36.3159,21.5206,12.5059,24.8919
"928",36.4603,21.602,12.5168,24.9908
"929",36.1203,21.5346,12.5011,24.8522
"930",35.6725,21.5018,12.4452,24.7676
"931",35.5948,21.5468,12.448,24.7619
"932",36.0856,21.6735,12.5447,24.9789
"933",35.6554,21.5793,12.5579,24.8175
"934",35.6506,21.5451,12.5128,24.8059
"935",35.8309,21.5099,12.5624,24.8116
"936",36.2059,21.5549,12.5388,24.9093
"937",36.7529,21.5034,12.4503,24.9996
"938",36.7629,21.5794,12.4962,25.0599
"939",36.8097,21.553,12.4851,25.0344
"940",36.433,21.6449,12.4634,25.0025
"941",36.5828,21.6189,12.5545,25.0086
"942",36.6869,21.545,12.6346,24.9903
"943",36.6532,21.5862,12.639,24.9953
"944",36.8576,21.4985,12.5588,24.9506
"945",36.7446,21.5829,12.5012,24.9669
"946",37.08,21.6433,12.5963,25.066
"947",36.6963,21.5812,12.5435,24.9616
"948",36.3763,21.5704,12.5318,24.8888
"949",36.7852,21.5588,12.5791,24.9538
"950",36.3747,21.5428,12.5992,24.8768
"951",36.3198,21.5405,12.6392,24.882
"952",36.2785,21.5797,12.5401,24.8944
"953",35.9298,21.5961,12.5163,24.8443
"954",36.3154,21.6048,12.6211,24.9157
"955",36.1566,21.5989,12.6132,24.8777
"956",35.8002,21.5737,12.5094,24.7999
"957",36.0356,21.5753,12.5219,24.8322
"958",36.1595,21.5681,12.5428,24.8151
"959",35.8658,21.6002,12.5991,24.7865
"960",36.407,21.6337,12.4995,24.9095
"961",36.2551,21.5939,12.5117,24.88
"962",35.7345,21.6992,12.6507,24.8643
"963",36.1678,21.5571,12.5766,24.8376
"964",35.9041,21.534,12.5566,24.8
"965",35.7475,21.5549,12.5658,24.7776
"966",36.254,21.6233,12.4817,24.8783
"967",36.1772,21.5932,12.526,24.8711
"968",36.1766,21.6533,12.5305,24.939
"969",35.5415,21.6343,12.5506,24.7881
"970",35.8201,21.6594,12.5007,24.8364
"971",36.3412,21.5476,12.5833,24.8728
"972",36.209,21.6251,12.507,24.8941
"973",36.2799,21.6338,12.5074,24.9286
"974",36.0865,21.6252,12.5588,24.8578
"975",36.26,21.5834,12.5204,24.8451
"976",36.1052,21.4676,12.5068,24.7324
"977",36.3149,21.524,12.434,24.814
"978",36.2492,21.5863,12.3966,24.8427
"979",36.2028,21.5482,12.5301,24.8184
"980",35.9491,21.5936,12.4437,24.8026
"981",36.0256,21.602,12.5339,24.8771
"982",36.4285,21.5986,12.4526,24.9545
"983",35.937,21.5738,12.5548,24.8456
"984",36.38,21.5674,12.4189,24.9273
"985",35.8099,21.5802,12.4912,24.8101
"986",35.8601,21.5299,12.5252,24.7873
"987",35.4345,21.543,12.5545,24.7631
"988",35.8514,21.5634,12.4273,24.826
"989",35.7961,21.5882,12.553,24.8368
"990",35.9219,21.5448,12.5201,24.8283
"991",36.0661,21.6475,12.5271,24.9224
"992",36.5501,21.5959,12.5575,24.9904
"993",36.4251,21.5323,12.5214,24.8865
"994",35.85,21.558,12.477,24.8037
"995",35.84,21.4254,12.4255,24.6955
"996",36.4245,21.5746,12.4838,24.931
"997",35.7693,21.5703,12.4748,24.7817
"998",36.1153,21.5255,12.5028,24.8398
"999",36.0229,21.4795,12.5133,24.7675
"1000",36.1636,21.5267,12.4859,24.8253
"1001",35.9758,21.5734,12.4902,24.8423
"1002",36.237,21.5955,12.4982,24.92
"1003",36.0443,21.5376,12.5923,24.8309
"1004",36.2348,21.566,12.5011,24.8651
"1005",36.4718,21.5686,12.5619,24.9134
"1006",36.0742,21.5654,12.4735,24.851
"1007",35.9196,21.5076,12.5708,24.8074
"1008",35.5756,21.514,12.5148,24.7444
"1009",35.653,21.6362,12.5459,24.8415
"1010",35.2158,21.5792,12.5408,24.7098
"1011",35.9617,21.4943,12.5092,24.7862
"1012",35.6942,21.5068,12.5205,24.7406
"1013",35.9866,21.511,12.5877,24.8486
"1014",36.1488,21.4624,12.5747,24.8077
"1015",36.2431,21.4812,12.4845,24.8278
"1016",36.0676,21.4481,12.4372,24.7923
"1017",36.292,21.5826,12.6139,24.9495
"1018",36.3783,21.5243,12.5142,24.8995
"1019",36.4615,21.5575,12.5199,24.9389
"1020",36.419,21.5016,12.5434,24.893
"1021",35.8345,21.5206,12.5084,24.7677
"1022",35.9898,21.4616,12.5218,24.7696
"1023",36.0005,21.5814,12.4299,24.8367
"1024",35.7454,21.5554,12.6038,24.8167
"1025",35.7164,21.5579,12.5558,24.7889
"1026",35.9518,21.5278,12.5375,24.8576
"1027",35.6488,21.4873,12.5826,24.7555
"1028",35.1762,21.5439,12.5124,24.6759
"1029",35.147,21.492,12.5444,24.6331
"1030",35.5345,21.5385,12.4732,24.754
"1031",35.5988,21.4915,12.4957,24.7447
"1032",35.7,21.5454,12.4372,24.7809
"1033",35.6107,21.5365,12.51,24.7437
"1034",35.9957,21.5184,12.5817,24.8091
"1035",36.3455,21.4736,12.5499,24.8413
"1036",36.1082,21.5303,12.5455,24.8498
"1037",35.5292,21.537,12.5144,24.7219
"1038",35.7876,21.5247,12.542,24.7734
"1039",36.2543,21.517,12.5352,24.8696
"1040",36.2751,21.5512,12.5178,24.8894
"1041",36.1355,21.5135,12.4934,24.8525
"1042",36.1694,21.508,12.5327,24.8458
"1043",36.0101,21.5938,12.5887,24.8672
"1044",36.3279,21.5336,12.4791,24.8763
"1045",36.4648,21.5342,12.5316,24.8827
"1046",36.3904,21.5287,12.4882,24.8413
"1047",36.281,21.5489,12.5483,24.8799
"1048",36.8231,21.608,12.5218,25.0261
"1049",36.8042,21.5878,12.554,25.0242
"1050",36.4503,21.5255,12.5174,24.9185
"1051",36.801,21.4931,12.5461,24.9649
"1052",36.8568,21.5697,12.6214,25.0486
"1053",36.9482,21.5378,12.5939,25.034
"1054",37.1447,21.6114,12.662,25.1478
"1055",36.6426,21.4811,12.6716,24.9728
"1056",35.8332,21.5426,12.6307,24.8222
"1057",36.1589,21.59,12.6487,24.9018
"1058",36.188,21.5509,12.54,24.8752
"1059",36.4925,21.5431,12.5675,24.9427
"1060",36.5342,21.4857,12.5864,24.8971
"1061",36.2714,21.5214,12.6144,24.8631
"1062",36.4247,21.4771,12.5679,24.8295
"1063",36.5181,21.4589,12.6645,24.8595
"1064",36.2783,21.5021,12.6155,24.8335
"1065",36.273,21.5453,12.6233,24.864
"1066",36.3729,21.636,12.5816,24.9607
"1067",35.9428,21.598,12.6266,24.8547
"1068",36.1282,21.5754,12.5633,24.8467
"1069",35.7609,21.6058,12.6049,24.8246
"1070",36.0667,21.5564,12.6196,24.8586
"1071",36.3474,21.5079,12.5496,24.8607
"1072",36.2662,21.5274,12.592,24.8812
"1073",35.8861,21.4881,12.5928,24.7785
"1074",36.0652,21.464,12.5388,24.7715
"1075",36.1234,21.5323,12.6233,24.822
"1076",36.0112,21.5069,12.6082,24.7696
"1077",35.9816,21.5096,12.5019,24.7724
"1078",35.5307,21.4763,12.5595,24.6548
"1079",36.0627,21.4877,12.4748,24.7529
"1080",35.9042,21.5757,12.5295,24.809
"1081",35.9171,21.5881,12.5489,24.8237
"1082",35.9162,21.5119,12.4985,24.7638
"1083",35.2268,21.4951,12.4766,24.6188
"1084",35.5572,21.4841,12.5654,24.6746
"1085",35.7505,21.6151,12.5343,24.8086
"1086",35.4296,21.5283,12.5711,24.7269
"1087",35.3742,21.6168,12.53,24.7497
"1088",35.4846,21.5135,12.5722,24.6794
"1089",35.2143,21.5378,12.5408,24.6379
"1090",35.5162,21.49,12.5602,24.6943
"1091",35.4978,21.5666,12.5714,24.7698
"1092",35.8258,21.6525,12.5414,24.8811
"1093",35.7797,21.5692,12.5489,24.7827
"1094",35.4337,21.5963,12.4559,24.7243
"1095",36.0587,21.5736,12.5868,24.8331
"1096",35.922,21.5871,12.5997,24.827
"1097",36.4334,21.6073,12.4965,24.9173
"1098",35.8487,21.5707,12.5794,24.7942
"1099",35.794,21.5819,12.5671,24.8179
"1100",35.7185,21.591,12.5488,24.8054
"1101",36.7077,21.526,12.5817,24.973
"1102",36.4042,21.5304,12.5994,24.881
"1103",36.4432,21.5551,12.6525,24.9021
"1104",35.6171,21.5929,12.5336,24.7853
"1105",35.8128,21.5617,12.6089,24.7962
"1106",35.558,21.5792,12.6753,24.7489
"1107",35.9862,21.546,12.5617,24.8089
"1108",36.1014,21.5675,12.5445,24.8408
"1109",36.0702,21.5443,12.5944,24.859
"1110",36.1638,21.517,12.5863,24.8195
"1111",35.6409,21.5186,12.665,24.719
"1112",36.1515,21.5093,12.7009,24.8183
"1113",35.7554,21.4101,12.504,24.6525
"1114",36.0508,21.4444,12.6136,24.742
"1115",36.1159,21.5409,12.6388,24.8448
"1116",35.8666,21.6051,12.534,24.8073
"1117",36.06,21.5274,12.566,24.814
"1118",36.0608,21.4804,12.5483,24.7711
"1119",35.5866,21.5771,12.5845,24.7544
"1120",35.7378,21.5244,12.5906,24.7721
"1121",36.078,21.6029,12.4755,24.8651
"1122",36.2952,21.5633,12.4985,24.9315
"1123",36.1394,21.5754,12.5407,24.8719
"1124",36.1848,21.5514,12.5713,24.8576
"1125",36.0415,21.6317,12.5614,24.9046
"1126",36.0131,21.5326,12.5308,24.797
"1127",36.0431,21.5894,12.5863,24.884
"1128",36.5278,21.5115,12.5241,24.909
"1129",36.0348,21.5191,12.6063,24.7956
"1130",35.356,21.5035,12.624,24.6671
"1131",36.1188,21.5527,12.4992,24.8635
"1132",36.4218,21.5628,12.5405,24.9038
"1133",35.8748,21.4992,12.5576,24.746
"1134",36.368,21.5452,12.6352,24.8657
"1135",35.9643,21.5452,12.6333,24.7941
"1136",36.3022,21.5202,12.5972,24.8319
"1137",36.2715,21.6183,12.6617,24.9259
"1138",36.266,21.6098,12.6835,24.9112
"1139",36.1037,21.5828,12.6118,24.8547
"1140",36.1055,21.5693,12.5428,24.8411
"1141",36.1168,21.5081,12.5329,24.7925
"1142",36.4784,21.5997,12.5976,24.9153
"1143",36.2777,21.5537,12.5483,24.8392
"1144",36.1195,21.7503,12.5998,24.985
"1145",36.4168,21.6318,12.5768,24.9471
"1146",36.427,21.6021,12.5326,24.9066
"1147",36.2724,21.5528,12.5668,24.8498
"1148",36.373,21.6387,12.6218,24.9424
"1149",36.3088,21.6092,12.5342,24.9217
"1150",36.521,21.5858,12.5473,24.9779
"1151",36.454,21.5882,12.596,24.9772
"1152",36.3413,21.5217,12.5672,24.895
"1153",36.6566,21.4694,12.5459,24.9461
"1154",36.2484,21.5997,12.517,24.9519
"1155",36.8566,21.5231,12.5619,25.0677
"1156",36.3305,21.6139,12.5851,25.0236
"1157",35.9057,21.5642,12.5513,24.8867
"1158",36.369,21.4985,12.6275,24.937
"1159",36.1345,21.5793,12.5373,24.9417
"1160",36.0789,21.5995,12.5392,24.9582
"1161",35.9438,21.5764,12.6011,24.9428
"1162",36.3798,21.4919,12.5691,24.9786
"1163",36.3312,21.5603,12.5269,25.0247
"1164",36.4899,21.5977,12.5725,25.0726
"1165",36.639,21.5731,12.5653,25.0855
"1166",36.5915,21.5335,12.4727,25.0108
"1167",36.8959,21.5924,12.5676,25.1599
"1168",36.7557,21.5894,12.6543,25.0981
"1169",36.017,21.5381,12.5495,24.8745
"1170",36.6043,21.4985,12.4879,24.9747
"1171",36.1842,21.5006,12.5432,24.8961
"1172",36.1465,21.5579,12.5555,24.9377
"1173",35.6974,21.5701,12.5511,24.8283
"1174",35.8745,21.6036,12.6,24.8898
"1175",36.5083,21.5618,12.65,25.0036
"1176",36.0903,21.5381,12.6437,24.8893
"1177",36.4054,21.5411,12.5886,24.9423
"1178",36.3917,21.5144,12.5943,24.9341
"1179",36.142,21.5651,12.5855,24.9299
"1180",35.9038,21.57,12.6341,24.8825
"1181",35.8543,21.5422,12.6017,24.8965
"1182",35.7645,21.5672,12.5604,24.9232
"1183",35.6443,21.511,12.6156,24.8388
"1184",35.2947,21.5758,12.6412,24.815
"1185",35.8073,21.517,12.5423,24.8507
"1186",35.7084,21.5256,12.6082,24.8641
"1187",35.7342,21.5289,12.6046,24.8362
"1188",35.1979,21.5156,12.5409,24.6819
"1189",35.9383,21.6006,12.5791,24.9071
"1190",35.7248,21.6426,12.6225,24.9551
"1191",35.6506,21.6019,12.6099,24.865
"1192",35.9131,21.58,12.578,24.8958
"1193",35.4097,21.5637,12.5529,24.8027
"1194",35.5325,21.5336,12.4953,24.7992
"1195",35.2935,21.5518,12.5225,24.7557
"1196",35.085,21.6063,12.5717,24.7405
"1197",35.1529,21.5199,12.4714,24.6995
"1198",35.6645,21.4962,12.5945,24.7734
"1199",35.8581,21.4943,12.5602,24.8318
"1200",35.5425,21.4807,12.5556,24.7372
"1201",35.9344,21.5227,12.4918,24.8491
"1202",35.7237,21.4503,12.5194,24.7596
"1203",36.0733,21.5183,12.5985,24.8717
"1204",35.9381,21.5448,12.504,24.8809
"1205",35.7011,21.6358,12.4865,24.8863
"1206",35.7456,21.5292,12.5563,24.8297
"1207",35.6957,21.5302,12.5567,24.8239
"1208",35.5958,21.5409,12.5141,24.8484
"1209",35.9284,21.4584,12.5804,24.8422
"1210",35.8958,21.4926,12.5702,24.8347
"1211",35.8757,21.532,12.6566,24.854
"1212",35.8169,21.4559,12.5782,24.802
"1213",35.7896,21.5241,12.6229,24.8538
"1214",35.8354,21.487,12.6094,24.829
"1215",36.0458,21.509,12.5597,24.8873
"1216",36.1776,21.4819,12.5495,24.9027
"1217",36.2883,21.5013,12.5369,24.9105
"1218",35.973,21.4797,12.5173,24.8493
"1219",35.8819,21.5262,12.6096,24.8697
"1220",36.0197,21.5001,12.548,24.8441
"1221",36.2261,21.6233,12.5799,24.982
"1222",35.8839,21.5809,12.6108,24.9021
"1223",35.3752,21.6623,12.5082,24.8546
"1224",35.7252,21.5515,12.5304,24.8208
"1225",35.7827,21.6012,12.5771,24.8825
"1226",35.9572,21.6394,12.5596,24.985
"1227",35.6011,21.6253,12.5681,24.892
"1228",36.1049,21.566,12.5703,24.9099
"1229",36.3183,21.6549,12.5829,25.0125
"1230",35.7504,21.5939,12.5703,24.8391
"1231",35.5223,21.6736,12.5544,24.8473
"1232",35.6151,21.5648,12.5195,24.7762
"1233",35.6606,21.6809,12.6709,24.8903
"1234",35.5203,21.6636,12.6405,24.8083
"1235",35.8158,21.6888,12.612,24.8909
"1236",35.8368,21.6191,12.5646,24.8198
"1237",36.1608,21.6666,12.5611,24.9246
"1238",35.469,21.678,12.4703,24.7981
"1239",35.3164,21.5932,12.5506,24.7651
"1240",36.0173,21.6842,12.6354,24.9787
"1241",35.9019,21.6853,12.5589,24.9277
"1242",35.9304,21.699,12.5921,25.0068
"1243",36.023,21.6381,12.5708,24.9545
"1244",36.001,21.672,12.6366,25.0136
"1245",35.9975,21.6568,12.5036,24.9728
"1246",36.2815,21.6015,12.5985,24.9508
"1247",36.5633,21.7142,12.563,25.088
"1248",36.4468,21.677,12.6385,25.0393
"1249",36.3741,21.6552,12.7226,25.0632
"1250",36.1071,21.6291,12.6521,24.9684
"1251",35.7669,21.6884,12.6017,24.9313
"1252",36.0757,21.6802,12.5811,24.9684
"1253",35.3519,21.6508,12.6722,24.8189
"1254",36.0787,21.5968,12.6517,24.9416
"1255",35.7903,21.6406,12.681,24.894
"1256",35.6911,21.6915,12.6237,24.9176
"1257",35.7782,21.6887,12.5781,24.8787
"1258",35.8336,21.5955,12.6712,24.8558
"1259",36.2845,21.6526,12.6188,25.0122
"1260",36.0604,21.6196,12.6257,24.9143
"1261",36.0732,21.6239,12.6099,24.921
"1262",36.2522,21.79,12.6373,25.0629
"1263",36.0469,21.5961,12.6118,24.8889
"1264",36.1209,21.6031,12.6208,24.8935
"1265",35.9519,21.7261,12.6402,24.9446
"1266",35.89,21.653,12.5639,24.8971
"1267",35.8039,21.6034,12.6342,24.8271
"1268",35.5605,21.5891,12.6189,24.8016
"1269",35.5977,21.721,12.558,24.9104
"1270",36.052,21.6128,12.6357,24.9788
"1271",35.8812,21.6391,12.6086,24.9125
"1272",35.7287,21.6397,12.5854,24.8798
"1273",35.4549,21.6292,12.6787,24.8517
"1274",35.8891,21.6441,12.6123,24.9561
"1275",35.703,21.6063,12.6348,24.935
"1276",35.3942,21.5976,12.5472,24.817
"1277",35.2673,21.6154,12.6176,24.7871
"1278",35.8012,21.5676,12.5918,24.8636
"1279",35.5714,21.6282,12.5357,24.858
"1280",35.5999,21.6817,12.6386,24.9413
"1281",35.9002,21.6327,12.6018,24.9274
"1282",35.8044,21.6203,12.6452,24.9042
"1283",35.8786,21.6635,12.6139,24.9297
"1284",36.1165,21.6106,12.5893,24.9181
"1285",35.8838,21.5693,12.6272,24.8691
"1286",36.2585,21.6605,12.6402,24.9765
"1287",36.0533,21.7016,12.653,24.994
"1288",36.4504,21.6566,12.5361,25.0365
"1289",35.8329,21.6479,12.5248,24.8825
"1290",35.8804,21.6854,12.5834,24.8987
"1291",35.9888,21.621,12.5681,24.8545
"1292",35.9718,21.5874,12.5922,24.8428
"1293",35.9581,21.6963,12.5482,24.9188
"1294",35.296,21.6713,12.6677,24.8277
"1295",35.6766,21.7234,12.567,24.9193
"1296",35.8011,21.6931,12.6359,24.9029
"1297",35.9548,21.6323,12.5816,24.8435
"1298",36.0149,21.6538,12.5848,24.9056
"1299",35.7306,21.6417,12.5811,24.8517
"1300",36.039,21.6752,12.624,24.9506
"1301",35.9623,21.6604,12.6264,24.9776
"1302",35.9749,21.625,12.5889,24.9421
"1303",36.215,21.7148,12.6447,25.0654
"1304",35.9711,21.6332,12.6369,24.9897
"1305",35.9124,21.5743,12.5806,24.9191
"1306",35.9754,21.6131,12.4542,24.9789
"1307",35.5141,21.6645,12.5599,24.9471
"1308",35.6081,21.6512,12.6369,24.9635
"1309",35.9244,21.7111,12.5914,25.0594
"1310",35.5776,21.65,12.6384,24.9519
"1311",35.4649,21.6451,12.586,24.921
"1312",35.6352,21.6858,12.6175,24.9871
"1313",35.886,21.5849,12.5806,24.9557
"1314",35.8984,21.6874,12.6192,25.0565
"1315",36.1125,21.6454,12.6411,25.0776
"1316",35.7781,21.5858,12.6181,24.9209
"1317",36.0907,21.6117,12.617,25.0178
"1318",35.9073,21.5888,12.5826,24.9748
"1319",36.4288,21.6016,12.631,25.1106
"1320",36.5296,21.6313,12.5971,25.1454
"1321",36.3356,21.6944,12.583,25.1596
"1322",36.2379,21.7095,12.628,25.0912
"1323",36.5981,21.6336,12.5782,25.0759
"1324",36.4076,21.72,12.6251,25.0965
"1325",36.5505,21.5952,12.5935,25.0401
"1326",36.4129,21.6119,12.6994,25.038
"1327",36.5787,21.5948,12.6717,25.0963
"1328",36.6704,21.6362,12.7533,25.1049
"1329",36.3918,21.6759,12.667,25.0626
"1330",36.7198,21.6392,12.6379,25.0909
"1331",36.7982,21.6358,12.6828,25.1215
"1332",35.7451,21.636,12.6842,24.9489
"1333",36.0348,21.6285,12.7395,24.9836
"1334",36.2786,21.6655,12.6835,25.1035
"1335",36.2441,21.6318,12.6829,25.0568
"1336",35.7527,21.6141,12.6519,24.9333
"1337",35.9756,21.6765,12.7089,25.0798
"1338",35.9535,21.6492,12.6875,25.0561
"1339",35.7674,21.6481,12.7536,25.0035
"1340",35.8876,21.6432,12.7086,25.0064
"1341",35.8368,21.6125,12.6161,24.9928
"1342",36.026,21.6445,12.665,25.034
"1343",35.6031,21.6521,12.7015,24.9811
"1344",35.7979,21.6431,12.5975,24.9999
"1345",35.8564,21.6411,12.7092,25.0015
"1346",35.752,21.6409,12.7028,24.9191
"1347",35.449,21.6427,12.6959,24.9114
"1348",35.7184,21.7282,12.5977,24.9826
"1349",35.6497,21.6948,12.7403,24.9972
"1350",35.5265,21.5448,12.6744,24.8474
"1351",35.5845,21.8157,12.6594,25.0939
"1352",35.8204,21.5963,12.6551,24.939
"1353",35.9032,21.6558,12.6477,25.0043
"1354",35.935,21.6036,12.6289,24.9574
"1355",35.8649,21.587,12.7359,24.9385
"1356",35.6235,21.5291,12.6742,24.8162
"1357",35.5274,21.5767,12.7534,24.8276
"1358",35.4591,21.6499,12.7182,24.8742
"1359",35.7867,21.6633,12.699,24.9455
"1360",35.8241,21.6202,12.6737,24.9304
"1361",35.6838,21.6898,12.8011,24.9685
"1362",36.2729,21.6393,12.7243,25.0062
"1363",35.9488,21.5449,12.6368,24.8814
"1364",35.853,21.5883,12.6741,24.8751
"1365",35.9532,21.6249,12.671,24.933
"1366",35.8031,21.6175,12.7429,24.9107
"1367",35.1175,21.6518,12.717,24.8089
"1368",35.5928,21.5866,12.6907,24.8367
"1369",35.6026,21.5883,12.7777,24.8631
"1370",35.4069,21.5854,12.8061,24.7897
"1371",35.3679,21.5943,12.8043,24.7968
"1372",35.208,21.6081,12.8204,24.7933
"1373",35.2247,21.6236,12.7322,24.826
"1374",35.1807,21.6079,12.716,24.8148
"1375",35.7717,21.6574,12.6786,24.9456
"1376",35.3655,21.6146,12.6557,24.8503
"1377",35.1216,21.6858,12.6831,24.8104
"1378",35.9067,21.7155,12.7216,25.0361
"1379",36.0271,21.586,12.7805,24.9772
"1380",35.8113,21.598,12.6557,24.9115
"1381",35.8709,21.6538,12.7661,25.0185
"1382",35.7466,21.6741,12.6626,24.9698
"1383",35.9095,21.6382,12.6708,24.9524
"1384",36.6638,21.6859,12.6968,25.1564
"1385",35.9508,21.6231,12.614,24.931
"1386",35.763,21.6245,12.6383,24.905
"1387",35.4635,21.5789,12.5925,24.7966
"1388",35.6184,21.7096,12.6303,24.9334
"1389",36.0602,21.6303,12.6282,24.9654
"1390",36.339,21.6565,12.679,25.025
"1391",36.4306,21.5977,12.6757,25.0116
"1392",36.1973,21.6536,12.6115,25.0128
"1393",36.5111,21.6035,12.6436,25.0455
"1394",36.6837,21.6619,12.6376,25.0843
"1395",36.8327,21.6355,12.75,25.1085
"1396",36.6711,21.6381,12.6643,25.0719
"1397",36.5786,21.5285,12.6415,25.0055
"1398",36.348,21.5907,12.6927,25.0133
"1399",36.4227,21.6819,12.6631,25.0884
"1400",35.9166,21.6329,12.7087,24.9392
"1401",36.0248,21.6241,12.6339,24.917
"1402",36.3998,21.5871,12.6526,24.9839
"1403",36.1858,21.6412,12.6574,24.979
"1404",36.1035,21.608,12.6786,24.9128
"1405",36.4881,21.7038,12.6287,25.0605
"1406",36.5723,21.6426,12.5793,25.029
"1407",36.4669,21.675,12.6304,25.0258
"1408",36.4345,21.6306,12.6206,25.0083
"1409",36.6375,21.6341,12.595,25.0284
"1410",36.0736,21.59,12.6384,24.9219
"1411",36.0018,21.6672,12.606,24.9293
"1412",36.0135,21.6922,12.6779,24.9224
"1413",35.8528,21.7532,12.6421,24.9229
"1414",35.6919,21.7003,12.664,24.8587
"1415",35.8458,21.6251,12.6703,24.8426
"1416",36.253,21.6207,12.6638,24.9215
"1417",36.1577,21.664,12.6816,24.9457
"1418",35.8641,21.6747,12.6784,24.9261
"1419",36.4159,21.6552,12.6679,25.0316
"1420",36.407,21.6275,12.6712,24.9844
"1421",36.5942,21.7601,12.612,25.0873
"1422",36.3685,21.5809,12.687,24.9325
"1423",36.2421,21.6453,12.7081,24.9557
"1424",36.2173,21.599,12.6725,24.9349
"1425",35.977,21.5447,12.6904,24.8227
"1426",35.5849,21.665,12.6878,24.8164
"1427",35.6354,21.5672,12.7106,24.7631
"1428",35.7242,21.6296,12.6681,24.8419
"1429",36.0807,21.5972,12.6242,24.904
"1430",35.7402,21.6502,12.6724,24.8768
"1431",35.6439,21.646,12.636,24.8356
"1432",36.2199,21.6172,12.7396,24.9345
"1433",36.2257,21.6573,12.6587,24.9896
"1434",36.0859,21.7128,12.7422,25.0193
"1435",35.9094,21.7363,12.6508,25.0083
"1436",35.9692,21.6777,12.7001,24.99
"1437",36.186,21.667,12.7572,24.982
"1438",35.6567,21.6757,12.7096,24.8725
"1439",35.6373,21.6319,12.7641,24.8184
"1440",35.7988,21.6075,12.6685,24.8287
"1441",35.9837,21.6318,12.7377,24.8983
"1442",35.4766,21.6315,12.7031,24.8385
"1443",35.9337,21.7047,12.7189,25.0151
"1444",35.767,21.7617,12.6912,25.0436
"1445",35.9286,21.7058,12.7229,25.0345
"1446",36.3284,21.6696,12.7078,25.0476
"1447",36.0204,21.6876,12.7288,25.0427
"1448",36.1458,21.6286,12.6924,24.9732
"1449",36.1245,21.5384,12.6926,24.8816
"1450",35.7959,21.5316,12.7012,24.8081
"1451",35.7634,21.4853,12.6692,24.747
"1452",36.0526,21.6287,12.6853,24.9241
"1453",36.1946,21.6335,12.7501,24.9498
"1454",35.724,21.6322,12.6659,24.8709
"1455",35.4741,21.524,12.6986,24.748
"1456",35.6102,21.5542,12.6891,24.8091
"1457",36.0621,21.547,12.6744,24.9007
"1458",35.7885,21.5718,12.6503,24.8628
"1459",36.0545,21.6152,12.7463,24.9612
"1460",36.4205,21.5452,12.6945,24.9392
"1461",36.1475,21.568,12.7187,24.8952
"1462",36.3145,21.5663,12.7467,24.9451
"1463",36.0606,21.6143,12.7082,24.9261
"1464",35.8504,21.673,12.758,24.9244
"1465",35.546,21.5648,12.705,24.786
"1466",35.6745,21.5386,12.643,24.8005
"1467",36.1572,21.5733,12.6618,24.9022
"1468",36.0817,21.5676,12.7005,24.8702
"1469",36.4263,21.6382,12.6561,25.0187
"1470",36.6306,21.5663,12.7017,25.0105
"1471",36.3378,21.5824,12.6762,24.9531
"1472",36.5068,21.6576,12.7257,25.0152
"1473",36.3715,21.6478,12.7385,24.985
"1474",35.6014,21.6294,12.6965,24.8221
"1475",35.4916,21.6116,12.693,24.811
"1476",35.6507,21.6135,12.6646,24.8378
"1477",36.2215,21.5629,12.6535,24.9094
"1478",35.9438,21.603,12.698,24.86
"1479",35.9195,21.6103,12.6878,24.858
"1480",35.8639,21.5241,12.5918,24.8142
"1481",35.6636,21.4715,12.7241,24.7163
"1482",35.1658,21.536,12.6935,24.6901
"1483",35.2805,21.4963,12.7987,24.674
"1484",35.4363,21.6061,12.6928,24.7837
"1485",35.3488,21.6417,12.7014,24.8255
"1486",35.2866,21.5019,12.6467,24.6893
"1487",35.6295,21.5711,12.6719,24.7977
"1488",35.8562,21.597,12.7469,24.8685
"1489",35.7547,21.6073,12.6821,24.8304
"1490",35.6919,21.5356,12.6564,24.8098
"1491",35.6513,21.5396,12.6354,24.7981
"1492",35.4419,21.5252,12.6268,24.8146
"1493",35.2096,21.5331,12.691,24.7542
"1494",35.265,21.553,12.6795,24.7844
"1495",35.2398,21.5933,12.5745,24.7681
"1496",35.4361,21.5955,12.646,24.836
"1497",35.4851,21.5275,12.656,24.8178
"1498",35.1318,21.5363,12.7882,24.7618
"1499",35.6163,21.5384,12.6295,24.8279
"1500",35.2818,21.5376,12.6296,24.7333
"1501",35.3096,21.5907,12.6552,24.8064
"1502",35.0979,21.569,12.7327,24.7708
"1503",35.4627,21.5843,12.6492,24.8297
"1504",35.7223,21.5243,12.6255,24.8436
"1505",35.6064,21.567,12.58,24.8776
"1506",35.5043,21.5653,12.6392,24.841
"1507",35.0174,21.5547,12.6466,24.7222
"1508",35.4476,21.5457,12.6154,24.7902
"1509",35.3164,21.6307,12.6029,24.8351
"1510",35.0465,21.573,12.6611,24.7645
"1511",35.4838,21.4864,12.6258,24.7732
"1512",35.4729,21.4613,12.6368,24.7548
"1513",35.1696,21.4933,12.6146,24.7
"1514",35.6178,21.4957,12.6578,24.8
"1515",35.8246,21.5728,12.6141,24.926
"1516",35.9444,21.5628,12.6076,24.9188
"1517",35.923,21.5319,12.6425,24.9022
"1518",35.9795,21.5683,12.6037,24.9399
"1519",36.0255,21.533,12.6166,24.901
"1520",36.0025,21.5335,12.6705,24.9056
"1521",36.4306,21.6172,12.6542,25.0602
"1522",36.4507,21.6384,12.6159,25.0881
"1523",36.5331,21.5433,12.6781,24.9894
"1524",36.6386,21.5831,12.7227,25.0281
"1525",36.9131,21.4827,12.6891,24.983
"1526",36.8024,21.5417,12.6409,24.9914
"1527",37.1518,21.5733,12.6717,25.0762
"1528",36.8997,21.6157,12.7351,25.0645
"1529",36.7047,21.6505,12.6723,25.0524
"1530",36.7047,21.5786,12.6475,25.0061
"1531",36.6412,21.5522,12.583,25.0116
"1532",36.6176,21.5637,12.7208,25.0195
"1533",36.5613,21.5502,12.6237,25.0172
"1534",36.6667,21.5081,12.6697,25.0062
"1535",36.2469,21.5756,12.6131,24.9507
"1536",36.2017,21.4877,12.6248,24.878
"1537",35.5155,21.4959,12.6634,24.7261
"1538",35.354,21.5273,12.6335,24.7013
"1539",35.542,21.5128,12.6668,24.7339
"1540",35.7418,21.5036,12.6469,24.7776
"1541",35.8678,21.5408,12.618,24.8381
"1542",36.267,21.4905,12.5792,24.8946
"1543",35.6288,21.4969,12.5483,24.7392
"1544",35.4919,21.4898,12.6046,24.7296
"1545",35.3352,21.4831,12.648,24.6883
"1546",35.497,21.4669,12.6755,24.7173
"1547",35.513,21.4581,12.7268,24.704
"1548",35.9128,21.5631,12.6392,24.8739
"1549",35.8843,21.4836,12.6681,24.7985
"1550",36.3806,21.5529,12.6911,24.9328
"1551",36.2205,21.5386,12.6081,24.8715
"1552",36.044,21.4679,12.685,24.7991
"1553",35.8191,21.5775,12.6086,24.8531
"1554",36.2979,21.5483,12.5714,24.9221
"1555",36.0145,21.5677,12.581,24.8785
"1556",35.9383,21.5399,12.5512,24.8063
"1557",35.824,21.5962,12.635,24.8472
"1558",35.7736,21.6307,12.5698,24.8416
"1559",36.1773,21.6265,12.518,24.9085
"1560",35.9135,21.6386,12.5338,24.8699
"1561",36.0034,21.6484,12.5065,24.902
"1562",35.7296,21.6301,12.5676,24.8639
"1563",36.2918,21.6522,12.5744,24.9682
"1564",36.0249,21.6275,12.6098,24.8698
"1565",36.0224,21.6078,12.6374,24.8432
"1566",36.2555,21.6062,12.6175,24.8854
"1567",35.4183,21.6572,12.5857,24.7576
"1568",35.9643,21.6472,12.544,24.8813
"1569",36.353,21.6078,12.5917,24.922
"1570",36.2735,21.5394,12.5864,24.8461
"1571",35.9303,21.5875,12.6212,24.8207
"1572",35.601,21.6114,12.6368,24.7755
"1573",35.871,21.7015,12.6091,24.9078
"1574",36.0549,21.6385,12.5697,24.8893
"1575",35.8181,21.5824,12.6007,24.8547
"1576",36.5784,21.5665,12.5455,24.9719
"1577",35.9599,21.5458,12.6247,24.8457
"1578",36.4529,21.612,12.5367,24.9663
"1579",35.8686,21.5124,12.5723,24.8359
"1580",36.2787,21.5531,12.5913,24.9232
"1581",36.2222,21.5766,12.5453,24.9193
"1582",36.1984,21.6248,12.5705,24.9291
"1583",36.177,21.5876,12.6285,24.9241
"1584",35.9145,21.6112,12.6814,24.9123
"1585",35.9062,21.6219,12.5386,24.9294
"1586",36.1786,21.6741,12.6229,25.0119
"1587",36.3437,21.7297,12.5136,25.0612
"1588",35.852,21.6895,12.5135,24.9645
"1589",36.3331,21.7227,12.4596,25.0627
"1590",36.0158,21.7495,12.5967,25.0584
"1591",36.0568,21.6611,12.5859,24.9795
"1592",35.4484,21.675,12.5587,24.8509
"1593",35.5986,21.631,12.6169,24.8355
"1594",35.3311,21.6946,12.5668,24.8448
"1595",35.6602,21.6878,12.5814,24.8624
"1596",35.7162,21.6746,12.5624,24.9226
"1597",35.9304,21.6579,12.5689,24.9499
"1598",35.8966,21.6516,12.6045,24.9493
"1599",36.2205,21.631,12.6417,25.0335
"1600",35.8478,21.6725,12.6478,24.9637
"1601",36.0928,21.5989,12.574,24.9534
"1602",36.309,21.6253,12.637,25.013
"1603",36.0924,21.6599,12.4829,25.0191
"1604",35.7778,21.6433,12.5994,24.9366
"1605",36.3628,21.6002,12.5814,25.0094
"1606",36.0264,21.6527,12.6061,24.9429
"1607",36.0558,21.5995,12.6721,24.9398
"1608",35.9734,21.7102,12.6463,24.9727
"1609",36.0145,21.6529,12.55,24.9254
"1610",36.169,21.6469,12.7875,25.0057
"1611",35.858,21.693,12.601,24.9689
"1612",35.4216,21.6818,12.6507,24.8844
"1613",35.2674,21.6463,12.7081,24.8643
"1614",35.6691,21.5884,12.7172,24.8865
"1615",36.0087,21.6661,12.6847,24.9831
"1616",35.7159,21.5642,12.7394,24.8633
"1617",35.2618,21.5942,12.7457,24.798
"1618",35.4702,21.6531,12.6454,24.8747
"1619",35.7764,21.6194,12.6424,24.9106
"1620",36.1252,21.5509,12.6696,24.944
"1621",35.8815,21.5566,12.6619,24.9098
"1622",35.4434,21.5637,12.7405,24.8213
"1623",35.5251,21.6215,12.7186,24.8974
"1624",35.6743,21.6643,12.7118,24.9491
"1625",35.4951,21.6715,12.7018,24.902
"1626",35.306,21.5378,12.8265,24.7806
"1627",35.6507,21.6292,12.7483,24.8761
"1628",36.2912,21.5759,12.7297,24.9718
"1629",35.8544,21.5869,12.6848,24.8717
"1630",35.78,21.6143,12.7018,24.9171
"1631",36.0394,21.5917,12.6822,24.9898
"1632",35.7273,21.633,12.7214,24.9686
"1633",35.5799,21.7127,12.7217,24.9934
"1634",35.8274,21.6095,12.7039,24.9345
"1635",35.6936,21.6573,12.7082,25.0017
"1636",35.7072,21.6428,12.7245,24.9528
"1637",35.5706,21.6132,12.7708,24.9255
"1638",35.5243,21.61,12.8525,24.9486
"1639",35.706,21.6119,12.757,24.9778
"1640",35.5417,21.5881,12.7444,24.8812
"1641",35.5105,21.6241,12.8381,24.894
"1642",35.9484,21.5419,12.8255,24.9263
"1643",35.7215,21.6453,12.7178,24.9388
"1644",36.1821,21.5937,12.819,25.008
"1645",36.0914,21.5978,12.7554,25.0243
"1646",35.9778,21.5215,12.827,24.9552
"1647",36.5451,21.5912,12.6785,25.0522
"1648",35.7499,21.6162,12.8314,24.9455
"1649",35.6905,21.6263,12.7985,24.9488
"1650",36.1325,21.5249,12.7918,24.9571
"1651",35.9273,21.5404,12.9082,24.9158
"1652",36.4952,21.5881,12.8658,25.0608
"1653",35.8427,21.6175,12.7633,24.9124
"1654",35.9093,21.5851,12.7711,24.9139
"1655",35.7769,21.5743,12.7431,24.8861
"1656",35.5737,21.5677,12.7221,24.822
"1657",36.1123,21.5552,12.6963,24.933
"1658",36.094,21.5477,12.6932,24.8939
"1659",36.087,21.5051,12.6976,24.8319
"1660",36.07,21.5449,12.6753,24.8452
"1661",35.9135,21.5608,12.6684,24.8708
"1662",35.5146,21.6387,12.6889,24.839
"1663",36.0301,21.5354,12.6328,24.848
"1664",35.9545,21.5081,12.6486,24.8073
"1665",35.48,21.554,12.6479,24.7911
"1666",35.9473,21.5554,12.6629,24.906
"1667",35.7755,21.5496,12.6193,24.8761
"1668",35.5869,21.6172,12.5599,24.8717
"1669",35.6818,21.6314,12.6161,24.8688
"1670",34.8431,21.6605,12.637,24.7736
"1671",35.589,21.6561,12.6274,24.922
"1672",35.1436,21.6211,12.5942,24.7717
"1673",35.4635,21.6078,12.6257,24.7938
"1674",35.6227,21.5662,12.6389,24.7931
"1675",35.6316,21.5441,12.635,24.7736
"1676",35.1945,21.6549,12.6743,24.8037
"1677",35.245,21.6629,12.6745,24.8186
"1678",35.7473,21.5926,12.6079,24.8407
"1679",35.8143,21.698,12.6744,24.9274
"1680",35.9817,21.5807,12.6853,24.8779
"1681",35.2828,21.6155,12.6155,24.7578
"1682",35.9233,21.6538,12.633,24.9277
"1683",35.8185,21.5477,12.6327,24.8424
"1684",35.6521,21.5512,12.6153,24.8051
"1685",35.4357,21.6552,12.5968,24.8336
"1686",35.4686,21.6373,12.5924,24.8612
"1687",35.5882,21.6585,12.5587,24.9337
"1688",35.5875,21.6084,12.6065,24.8871
"1689",35.3454,21.6139,12.611,24.8022
"1690",35.6055,21.6602,12.6453,24.8885
"1691",35.6384,21.7111,12.6391,24.9552
"1692",35.51,21.6572,12.5792,24.9021
"1693",35.3511,21.648,12.6573,24.8693
"1694",35.4436,21.6875,12.6393,24.9112
"1695",35.6686,21.6448,12.61,24.91
"1696",36.148,21.6346,12.6503,24.9975
"1697",35.9093,21.5561,12.6012,24.891
"1698",35.7904,21.5196,12.6155,24.8533
"1699",35.8511,21.5343,12.6,24.8764
"1700",35.4996,21.6717,12.6711,24.9088
"1701",35.6761,21.605,12.5786,24.9008
"1702",35.3178,21.579,12.6314,24.8066
"1703",35.4195,21.5231,12.6048,24.7815
"1704",35.5674,21.5267,12.5919,24.7997
"1705",35.3038,21.6004,12.5997,24.765
"1706",35.9733,21.5548,12.6216,24.8908
"1707",35.9419,21.6992,12.6165,24.9865
"1708",35.7451,21.5739,12.6838,24.861
"1709",36.3686,21.674,12.604,25.0406
"1710",35.8318,21.6278,12.6176,24.9298
"1711",35.6736,21.6133,12.6656,24.8661
"1712",35.7164,21.718,12.611,24.9515
"1713",35.4929,21.6625,12.5943,24.8709
"1714",35.3575,21.6068,12.5721,24.7999
"1715",35.6766,21.6226,12.5823,24.873
"1716",35.4914,21.647,12.5294,24.8621
"1717",35.2635,21.7083,12.5419,24.8756
"1718",35.4222,21.7127,12.5371,24.9188
"1719",35.5002,21.5704,12.5311,24.8283
"1720",35.5955,21.6305,12.5557,24.9086
"1721",35.8415,21.686,12.521,24.9997
"1722",35.4737,21.5657,12.63,24.8509
"1723",35.3341,21.5393,12.5612,24.7798
"1724",35.0074,21.6322,12.581,24.7562
"1725",35.1037,21.6016,12.5743,24.7872
"1726",35.2199,21.6135,12.6278,24.8672
"1727",35.5398,21.6893,12.6385,24.9465
"1728",35.3963,21.661,12.5788,24.8762
"1729",35.253,21.6378,12.5915,24.8655
"1730",35.6698,21.6144,12.6061,24.9037
"1731",35.2741,21.6423,12.5958,24.8596
"1732",35.4139,21.6444,12.5927,24.9033
"1733",35.4643,21.7406,12.6592,24.954
"1734",35.7265,21.7919,12.6017,25.0628
"1735",36.0093,21.6759,12.6238,24.9998
"1736",36.2604,21.6975,12.6133,25.0808
"1737",36.2552,21.7315,12.6667,25.1266
"1738",36.7367,21.6762,12.5688,25.1482
"1739",37.2211,21.7444,12.5692,25.2944
"1740",37.2175,21.8099,12.6028,25.3852
"1741",37.1906,21.7683,12.6286,25.328
"1742",36.8738,21.6251,12.5744,25.1546
"1743",37.0315,21.6798,12.6299,25.2198
"1744",37.6014,21.729,12.6054,25.3604
"1745",37.1972,21.7138,12.6209,25.2622
"1746",36.8685,21.6543,12.5936,25.1601
"1747",37.1602,21.595,12.6287,25.2001
"1748",37.2021,21.6102,12.6497,25.2064
"1749",37.2545,21.608,12.6686,25.1816
"1750",37.2092,21.6132,12.6124,25.1841
"1751",37.2017,21.5806,12.6315,25.1289
"1752",36.9995,21.5856,12.5847,25.0924
"1753",37.042,21.6449,12.6285,25.1306
"1754",37.1394,21.5614,12.6328,25.0973
"1755",37.2326,21.582,12.6199,25.1389
"1756",37.7231,21.6044,12.5759,25.2458
"1757",37.1479,21.6183,12.56,25.1436
"1758",37.2964,21.6585,12.6367,25.1982
"1759",37.5145,21.6575,12.5261,25.234
"1760",37.483,21.7072,12.5058,25.2453
"1761",36.9447,21.6312,12.5242,25.1022
"1762",36.8509,21.7345,12.5704,25.1885
"1763",36.881,21.7028,12.6062,25.1757
"1764",36.7035,21.7446,12.5329,25.1807
"1765",37.11,21.7153,12.5497,25.2287
"1766",36.7938,21.678,12.5539,25.1317
"1767",36.8,21.7151,12.5666,25.161
"1768",36.73,21.7874,12.6081,25.2023
"1769",36.8915,21.5925,12.6103,25.1295
"1770",37.1167,21.6841,12.5502,25.232
"1771",36.5045,21.6222,12.6463,25.0499
"1772",36.7281,21.6323,12.5903,25.1173
"1773",36.6885,21.594,12.5514,25.0601
"1774",36.6671,21.6805,12.5465,25.0823
"1775",36.3512,21.7013,12.5431,25.0515
"1776",36.587,21.6691,12.5349,25.094
"1777",36.4361,21.6906,12.5844,25.1009
"1778",36.926,21.6883,12.6286,25.1886
"1779",36.8978,21.6113,12.5604,25.1282
"1780",36.6136,21.5754,12.5024,25.0574
"1781",36.5605,21.5765,12.509,25.0584
"1782",36.6499,21.63,12.5746,25.1173
"1783",36.8649,21.5457,12.6021,25.0985
"1784",36.7097,21.6174,12.5689,25.1467
"1785",36.6854,21.5767,12.5378,25.1037
"1786",36.2343,21.5905,12.5621,25.0259
"1787",36.615,21.499,12.5624,25.0408
"1788",36.4801,21.6329,12.6036,25.1056
"1789",36.8352,21.6738,12.5501,25.1855
"1790",36.4302,21.6607,12.5857,25.0872
"1791",36.5162,21.6304,12.6326,25.0989
"1792",37.1003,21.5969,12.6488,25.2084
"1793",36.9294,21.6367,12.6212,25.2156
"1794",37.1129,21.6747,12.6009,25.2448
"1795",37.3834,21.5204,12.6235,25.1504
"1796",36.93,21.5142,12.5576,25.0595
"1797",36.8201,21.5494,12.6639,25.0934
"1798",36.8825,21.6163,12.6587,25.1972
"1799",36.727,21.647,12.641,25.1687
"1800",37.0369,21.6303,12.6287,25.2239
"1801",36.9647,21.5696,12.5508,25.1558
"1802",36.7935,21.6327,12.6477,25.1638
"1803",36.8577,21.6716,12.6255,25.1815
"1804",37.4994,21.7111,12.5799,25.3372
"1805",36.9789,21.6283,12.5892,25.2088
"1806",36.6892,21.5966,12.6449,25.0886
"1807",37.0859,21.5713,12.6366,25.1505
"1808",36.7721,21.5051,12.7389,25.0321
"1809",36.7931,21.59,12.6421,25.0752
"1810",36.9782,21.6369,12.6577,25.1342
"1811",36.9555,21.5579,12.6801,25.1097
"1812",36.459,21.5616,12.6155,25.0257
"1813",36.5095,21.5154,12.6425,24.9864
"1814",36.3855,21.5623,12.66,24.9884
"1815",36.4333,21.5635,12.656,24.998
"1816",36.0945,21.5905,12.6388,24.9347
"1817",36.6093,21.594,12.637,25.0335
"1818",36.5582,21.6113,12.6014,25.0331
"1819",36.6477,21.7139,12.6227,25.0962
"1820",36.6216,21.7304,12.6296,25.1073
"1821",36.7042,21.7312,12.6339,25.1374
"1822",37.2099,21.6393,12.5919,25.1721
"1823",37.2017,21.5842,12.6074,25.144
"1824",37.6103,21.6484,12.6501,25.2571
"1825",37.5201,21.6543,12.612,25.2351
"1826",37.5047,21.5908,12.5299,25.184
"1827",37.715,21.7223,12.6153,25.2959
"1828",38.0183,21.5594,12.5792,25.2559
"1829",37.8126,21.5726,12.6108,25.2259
"1830",37.8285,21.6078,12.7046,25.2589
"1831",37.2731,21.604,12.652,25.1398
"1832",37.5512,21.6025,12.69,25.208
"1833",37.792,21.602,12.6326,25.2474
"1834",37.56,21.6246,12.6673,25.2255
"1835",37.9793,21.5608,12.6341,25.2574
"1836",37.4585,21.5548,12.6239,25.1259
"1837",37.7683,21.5954,12.6399,25.241
"1838",38.334,21.5967,12.5752,25.3576
"1839",37.8829,21.5846,12.7127,25.2406
"1840",37.8775,21.6369,12.6976,25.2811
"1841",37.3074,21.6743,12.6639,25.1905
"1842",37.3162,21.6914,12.6718,25.2418
"1843",37.2091,21.6692,12.6139,25.215
"1844",37.359,21.6109,12.6147,25.1845
"1845",37.6578,21.6754,12.5706,25.2807
"1846",37.9102,21.6437,12.5975,25.2978
"1847",37.0019,21.6189,12.5991,25.1061
"1848",36.8677,21.6333,12.6867,25.101
"1849",37.2045,21.5761,12.6119,25.0998
"1850",37.4024,21.6801,12.6844,25.2318
"1851",37.0695,21.5546,12.622,25.0955
"1852",37.12,21.6335,12.6486,25.18
"1853",36.5743,21.6359,12.6359,25.0403
"1854",36.4894,21.6428,12.67,25.0333
"1855",36.314,21.7196,12.6084,25.0372
"1856",36.4689,21.7344,12.5852,25.0726
"1857",36.2946,21.6715,12.5371,24.9938
"1858",36.511,21.6577,12.5912,25.0189
"1859",36.2528,21.667,12.5623,24.9918
"1860",36.857,21.6861,12.5997,25.0992
"1861",36.1397,21.6672,12.5826,24.9792
"1862",36.3336,21.6825,12.5981,25.0425
"1863",36.3146,21.6039,12.6033,24.9485
"1864",36.2459,21.6448,12.5372,24.9405
"1865",36.3683,21.686,12.554,25.0098
"1866",36.3126,21.6402,12.6069,24.9961
"1867",36.2249,21.6402,12.6032,24.9896
"1868",36.5023,21.6708,12.6526,25.0613
"1869",36.175,21.5799,12.5778,24.9576
"1870",36.0005,21.6303,12.6089,24.9068
"1871",36.1339,21.6573,12.5904,24.9778
"1872",36.21,21.6303,12.5513,24.9731
"1873",36.0358,21.6286,12.6279,24.9303
"1874",36.2627,21.638,12.5757,24.9766
"1875",36.3872,21.6728,12.5207,25.0196
"1876",35.9745,21.6584,12.5835,24.9286
"1877",36.002,21.5999,12.5896,24.8927
"1878",36.119,21.6214,12.5785,24.9335
"1879",36.0889,21.7104,12.5929,24.9724
"1880",36.6023,21.6662,12.599,25.085
"1881",36.0218,21.6894,12.5664,24.9495
"1882",35.9804,21.727,12.5908,24.9839
"1883",36.3772,21.8074,12.573,25.1353
"1884",36.2066,21.6948,12.6276,25.022
"1885",36.1047,21.7414,12.5337,24.9906
"1886",36.1297,21.7274,12.5709,25.0084
"1887",35.7541,21.738,12.5793,24.9319
"1888",36.0378,21.7163,12.6659,25.0241
"1889",35.949,21.6849,12.611,24.9636
"1890",35.7695,21.7235,12.575,24.9805
"1891",35.9926,21.7042,12.6104,25.015
"1892",35.4944,21.6946,12.6183,24.9069
"1893",36.0119,21.7614,12.6489,25.0433
"1894",35.784,21.7034,12.6018,24.9574
"1895",35.5695,21.7072,12.5887,24.8851
"1896",35.8747,21.6548,12.5776,24.9094
"1897",36.115,21.7245,12.5747,25.014
"1898",35.8561,21.7192,12.645,24.9645
"1899",35.6048,21.7265,12.6235,24.9338
"1900",36.0444,21.6694,12.5715,24.9794
"1901",35.6042,21.6556,12.679,24.883
"1902",36.0135,21.8025,12.616,25.0646
"1903",36.4463,21.6826,12.6059,25.0343
"1904",36.0449,21.6482,12.5516,24.9314
"1905",36.0807,21.6552,12.6233,24.957
"1906",36.2383,21.6652,12.6426,24.991
"1907",35.7714,21.7042,12.6298,24.934
"1908",35.9038,21.6952,12.6041,24.9815
"1909",36.0566,21.7244,12.55,25.02
"1910",36.1406,21.6798,12.6438,25.0178
"1911",36.0993,21.6825,12.5097,25.0013
"1912",36.0237,21.64,12.5672,24.9475
"1913",36.0655,21.6648,12.58,24.9713
"1914",35.8677,21.6534,12.5494,24.9698
"1915",36.2584,21.6266,12.4983,24.9908
"1916",35.8001,21.627,12.6048,24.8895
"1917",35.756,21.7659,12.5978,24.9859
"1918",36.1843,21.7236,12.5812,25.0497
"1919",35.7584,21.7189,12.5349,24.9383
"1920",35.739,21.761,12.6095,24.9813
"1921",35.8763,21.7188,12.6024,24.9801
"1922",35.8475,21.6878,12.5623,24.952
"1923",35.8253,21.6636,12.5721,24.9102
"1924",35.7463,21.6473,12.6374,24.9036
"1925",35.6472,21.6829,12.5825,24.8517
"1926",35.9321,21.6807,12.5835,24.9269
"1927",35.8998,21.6241,12.6258,24.9199
"1928",36.1871,21.6841,12.6392,25.0091
"1929",35.9607,21.6369,12.6238,24.9412
"1930",36.0468,21.6741,12.5768,24.9594
"1931",35.9328,21.6297,12.5641,24.9102
"1932",36.1915,21.6797,12.5883,25.0206
"1933",36.8373,21.6904,12.5503,25.1256
"1934",37.232,21.7278,12.5247,25.2267
"1935",37.256,21.7382,12.567,25.2524
"1936",36.9102,21.6625,12.5784,25.1275
"1937",36.1628,21.615,12.5759,24.9133
"1938",36.2356,21.6901,12.5613,25.0107
"1939",36.3055,21.658,12.5607,24.969
"1940",36.4382,21.7608,12.4989,25.0502
"1941",36.6352,21.6369,12.574,25.0337
"1942",36.7517,21.5781,12.4386,25.01
"1943",36.8359,21.5409,12.4648,24.9912
"1944",36.9417,21.7185,12.6435,25.1477
"1945",36.6983,21.6601,12.5763,25.0449
"1946",36.9592,21.6537,12.5966,25.103
"1947",36.3088,21.6303,12.6002,24.9615
"1948",36.3387,21.6231,12.605,24.9625
"1949",36.67,21.6847,12.5541,25.0663
"1950",36.6998,21.6426,12.6032,25.0724
"1951",36.63,21.6902,12.6207,25.098
"1952",36.2828,21.7008,12.5482,25.0373
"1953",36.2913,21.63,12.5515,24.9842
"1954",36.7619,21.6112,12.526,25.0482
"1955",36.369,21.6448,12.4605,25.0185
"1956",36.5781,21.7159,12.5682,25.0702
"1957",36.6583,21.6514,12.6074,25.067
"1958",36.7354,21.5991,12.5856,25.0734
"1959",36.3209,21.6798,12.6494,25.0325
"1960",36.2145,21.6073,12.6352,24.9604
"1961",36.2213,21.6583,12.5511,24.9787
"1962",35.8672,21.6193,12.6456,24.8696
"1963",35.839,21.6634,12.584,24.9222
"1964",36.0454,21.6244,12.5863,24.9359
"1965",35.8295,21.6495,12.5944,24.9261
"1966",36.1454,21.6611,12.5613,24.9815
"1967",36.4905,21.6475,12.5822,25.0317
"1968",36.2172,21.6075,12.5384,24.9696
"1969",36.8631,21.7123,12.5425,25.1751
"1970",36.3914,21.6954,12.622,25.0708
"1971",37.211,21.6801,12.5092,25.1996
"1972",36.5954,21.6601,12.6087,25.0771
"1973",36.3595,21.6159,12.55,25.0175
"1974",35.8982,21.6755,12.5338,24.9646
"1975",36.1906,21.6122,12.5945,24.9659
"1976",36.5262,21.6976,12.5901,25.0708
"1977",36.0874,21.7523,12.5775,25.0019
"1978",35.9298,21.6795,12.5005,24.9114
"1979",35.4391,21.6459,12.5973,24.8056
"1980",35.7473,21.6046,12.6228,24.852
"1981",35.7737,21.5897,12.6598,24.859
"1982",35.905,21.6021,12.6166,24.8755
"1983",36.4404,21.6229,12.6727,24.9931
"1984",36.3809,21.657,12.6277,25.0299
"1985",36.5494,21.5648,12.605,24.9743
"1986",36.496,21.664,12.6421,25.03
"1987",37.2049,21.7046,12.5995,25.2393
"1988",37.2104,21.7022,12.585,25.2358
"1989",36.5934,21.6478,12.6723,25.0441
"1990",37.0212,21.6573,12.694,25.1473
"1991",36.9386,21.6529,12.628,25.1208
"1992",37.4585,21.5932,12.665,25.1486
"1993",37.421,21.6715,12.6465,25.2152
"1994",37.5492,21.7521,12.6575,25.3126
"1995",37.1884,21.7413,12.5779,25.2463
"1996",37.2039,21.7539,12.6182,25.2523
"1997",36.8346,21.7909,12.5578,25.2265
"1998",37.2315,21.7413,12.5909,25.2587
"1999",38.2578,21.7519,12.6204,25.4557
"2000",38.1834,21.711,12.5798,25.4007
