"","d_CD-CBM","Rg_CD","Rg_CBM","Rg_Global"
"1",46.6415,21.8084,12.5361,27.2339
"2",46.8143,21.7107,12.547,27.2172
"3",46.2697,21.6727,12.5466,27.0617
"4",46.5639,21.7221,12.5288,27.1721
"5",46.8594,21.7953,12.5231,27.2936
"6",47.1312,21.8216,12.6409,27.3917
"7",47.1426,21.6964,12.5879,27.286
"8",47.0542,21.697,12.5364,27.2615
"9",46.1232,21.7348,12.6101,27.0818
"10",46.2025,21.6735,12.5708,27.0438
"11",46.4032,21.7139,12.6315,27.1291
"12",46.6191,21.7355,12.6002,27.1926
"13",46.4127,21.7244,12.5931,27.1186
"14",46.2628,21.7631,12.5775,27.1129
"15",46.2651,21.7433,12.5999,27.101
"16",46.7525,21.6895,12.544,27.1792
"17",46.646,21.7286,12.5192,27.1839
"18",46.2167,21.6568,12.5361,27.0305
"19",46.58,21.7356,12.5565,27.1699
"20",46.5991,21.7,12.5205,27.1482
"21",45.8911,21.7167,12.5914,26.9827
"22",46.0159,21.6683,12.6405,26.9982
"23",46.656,21.7,12.605,27.1723
"24",46.221,21.619,12.6165,27.0147
"25",45.539,21.6128,12.5855,26.8521
"26",45.551,21.6805,12.7185,26.9173
"27",45.2459,21.668,12.5775,26.8187
"28",44.8148,21.6213,12.5913,26.6875
"29",45.2097,21.7076,12.6439,26.8426
"30",45.726,21.7235,12.6627,26.9881
"31",46.3449,21.6811,12.7031,27.1099
"32",46.0363,21.6362,12.5104,26.9776
"33",46.1067,21.6931,12.599,27.0312
"34",46.1558,21.6918,12.5229,27.0428
"35",45.4008,21.7355,12.5755,26.902
"36",44.9841,21.6825,12.5175,26.7473
"37",44.855,21.6275,12.5977,26.7023
"38",44.8266,21.6602,12.6127,26.7149
"39",45.3286,21.6353,12.5025,26.8084
"40",45.294,21.7038,12.5686,26.8477
"41",45.2552,21.6989,12.5249,26.8245
"42",44.7459,21.6055,12.5464,26.6512
"43",44.54,21.6415,12.5434,26.6426
"44",45.3214,21.6045,12.4846,26.7905
"45",44.7776,21.6522,12.5428,26.6956
"46",44.6333,21.685,12.5614,26.6811
"47",44.954,21.5993,12.569,26.6978
"48",45.0139,21.6283,12.5398,26.7277
"49",44.7319,21.6101,12.5494,26.6532
"50",44.8787,21.5908,12.5617,26.6743
"51",45.8388,21.6672,12.5545,26.9492
"52",46.4661,21.6756,12.5334,27.1093
"53",46.6285,21.6933,12.6069,27.1697
"54",46.638,21.6925,12.693,27.1836
"55",46.9431,21.6333,12.5761,27.202
"56",46.1321,21.6475,12.6248,27.0231
"57",46.1375,21.7359,12.612,27.0743
"58",46.2718,21.6393,12.521,27.029
"59",46.1595,21.7718,12.5927,27.1372
"60",45.8664,21.7379,12.6012,27.0263
"61",46.3845,21.6959,12.5591,27.1086
"62",46.3401,21.7238,12.6257,27.1231
"63",46.2432,21.6884,12.6085,27.0775
"64",46.5297,21.711,12.5012,27.1431
"65",46.227,21.6416,12.6328,27.0473
"66",46.3968,21.6875,12.5285,27.1045
"67",46.9909,21.6249,12.6687,27.2259
"68",46.8613,21.6993,12.6863,27.2357
"69",46.629,21.6644,12.6535,27.1577
"70",46.1379,21.6242,12.6198,26.9953
"71",46.3562,21.7294,12.5555,27.1235
"72",46.1726,21.682,12.6672,27.0659
"73",46.1892,21.6704,12.5828,27.0501
"74",46.3225,21.7091,12.5431,27.0933
"75",45.6938,21.6536,12.6243,26.9197
"76",46.2933,21.7002,12.5943,27.1055
"77",46.8197,21.6979,12.5232,27.2131
"78",47.1093,21.6848,12.5266,27.2645
"79",46.2283,21.702,12.559,27.0623
"80",45.8601,21.6972,12.5424,26.963
"81",46.4232,21.6735,12.5587,27.1021
"82",46.716,21.6956,12.5865,27.177
"83",46.3555,21.631,12.513,27.0516
"84",46.8403,21.6768,12.4972,27.1889
"85",47.3041,21.6834,12.5327,27.3169
"86",47.8465,21.6793,12.5437,27.4514
"87",48.3902,21.6887,12.5336,27.5888
"88",48.1251,21.7136,12.7025,27.5481
"89",47.5929,21.6159,12.5352,27.3374
"90",47.0386,21.5921,12.527,27.1805
"91",47.5089,21.6423,12.5434,27.3471
"92",47.9742,21.6614,12.5779,27.4624
"93",47.5191,21.5973,12.5605,27.303
"94",47.9494,21.6379,12.6642,27.4329
"95",47.8063,21.6304,12.6778,27.4061
"96",48.386,21.7156,12.6581,27.5947
"97",48.5458,21.6206,12.6643,27.5875
"98",48.5693,21.5626,12.5905,27.5498
"99",48.1879,21.5959,12.4937,27.4524
"100",47.2861,21.581,12.5682,27.2166
"101",47.7202,21.6415,12.5935,27.3883
"102",48.0984,21.5762,12.5788,27.4139
"103",48.1298,21.6375,12.5292,27.4585
"104",48.6112,21.6627,12.5222,27.6059
"105",48.691,21.6762,12.5415,27.6472
"106",48.1888,21.5592,12.5978,27.4459
"107",48.3614,21.6448,12.5152,27.5263
"108",48.5906,21.5716,12.6206,27.5581
"109",48.7055,21.6775,12.5963,27.6445
"110",48.88,21.7056,12.6312,27.7055
"111",48.7957,21.6527,12.6619,27.6651
"112",49.2397,21.678,12.5648,27.7777
"113",49.2798,21.6599,12.6406,27.7792
"114",49.3726,21.6255,12.6491,27.7831
"115",49.4681,21.6604,12.637,27.821
"116",49.239,21.5796,12.6126,27.7303
"117",49.4563,21.6407,12.6262,27.791
"118",49.1862,21.6584,12.564,27.7283
"119",49.2262,21.6193,12.6012,27.7239
"120",49.3344,21.6562,12.6275,27.7883
"121",49.4127,21.6513,12.5659,27.7988
"122",48.9621,21.6833,12.5942,27.6937
"123",49.4556,21.6537,12.5184,27.7995
"124",49.1058,21.6584,12.6539,27.722
"125",49.3971,21.6997,12.6289,27.8245
"126",49.7557,21.6713,12.5202,27.8894
"127",49.9551,21.6957,12.5451,27.9468
"128",50.8557,21.7571,12.5509,28.2182
"129",50.2254,21.83,12.5784,28.114
"130",49.3795,21.7449,12.5625,27.8465
"131",48.7193,21.7376,12.5841,27.674
"132",49.1383,21.6567,12.6421,27.7457
"133",48.9464,21.6652,12.5515,27.7029
"134",48.9761,21.6871,12.5197,27.7088
"135",48.5837,21.6626,12.5679,27.5919
"136",48.3573,21.6492,12.5454,27.5503
"137",49.2061,21.6945,12.6197,27.7699
"138",49.051,21.6685,12.5552,27.7128
"139",49.3153,21.6708,12.5935,27.7819
"140",49.4425,21.7168,12.5684,27.8534
"141",48.4442,21.5781,12.5638,27.5022
"142",48.4819,21.739,12.6173,27.625
"143",48.452,21.6503,12.6445,27.5501
"144",49.3945,21.682,12.6292,27.8157
"145",49.9733,21.8275,12.6373,28.0467
"146",49.3199,21.6472,12.5761,27.7591
"147",50.0079,21.7126,12.5985,27.9779
"148",49.2961,21.6684,12.6165,27.7746
"149",49.5957,21.6378,12.537,27.8051
"150",49.6534,21.7445,12.6068,27.9028
"151",49.1086,21.616,12.5121,27.6785
"152",49.4794,21.7284,12.4717,27.8487
"153",49.1373,21.6417,12.6137,27.7104
"154",49.8164,21.6495,12.6448,27.893
"155",49.5854,21.674,12.6649,27.8478
"156",49.6702,21.7267,12.6315,27.8961
"157",49.6714,21.7737,12.6244,27.9146
"158",49.9995,21.7323,12.627,27.9812
"159",49.4277,21.6816,12.5857,27.7786
"160",49.4048,21.7118,12.5765,27.8136
"161",49.1722,21.6701,12.6451,27.742
"162",49.5554,21.7106,12.4756,27.8545
"163",49.7562,21.7011,12.6221,27.9071
"164",48.9392,21.6478,12.5253,27.6556
"165",49.4594,21.6834,12.5546,27.8139
"166",49.2817,21.6724,12.5217,27.7594
"167",49.7141,21.7046,12.5219,27.8828
"168",49.8334,21.6617,12.5689,27.8934
"169",49.8082,21.7146,12.5892,27.9266
"170",49.1628,21.7063,12.6404,27.757
"171",49.7927,21.7645,12.6768,27.9652
"172",49.8017,21.7692,12.5478,27.9559
"173",49.3401,21.7576,12.5174,27.8343
"174",49.7014,21.7347,12.4675,27.9079
"175",50.2236,21.7431,12.5468,28.0392
"176",50.2406,21.6983,12.485,27.998
"177",50.1259,21.5971,12.5219,27.9206
"178",50.6641,21.6978,12.5479,28.1305
"179",50.3731,21.6974,12.5158,28.0517
"180",50.1713,21.6039,12.6009,27.9452
"181",50.2032,21.6769,12.5431,27.9913
"182",51.1912,21.6238,12.4873,28.2
"183",50.8854,21.6567,12.5113,28.1428
"184",50.4541,21.7212,12.4996,28.0836
"185",50.5074,21.6505,12.5128,28.0589
"186",50.8093,21.7103,12.5679,28.1711
"187",49.9918,21.6658,12.5183,27.9286
"188",49.6758,21.5598,12.5244,27.7794
"189",49.8318,21.6603,12.5341,27.8838
"190",50.7804,21.6603,12.4895,28.1278
"191",50.1576,21.6357,12.523,27.9559
"192",49.8932,21.6557,12.5983,27.9069
"193",49.2874,21.693,12.6347,27.7737
"194",49.6266,21.7221,12.5781,27.8718
"195",50.1174,21.6566,12.4936,27.9619
"196",50.0585,21.7239,12.5797,27.9957
"197",49.3191,21.659,12.5525,27.748
"198",49.1704,21.6516,12.6251,27.7226
"199",49.1567,21.7457,12.5204,27.7822
"200",48.5266,21.6568,12.6072,27.565
"201",48.9617,21.6916,12.5847,27.6887
"202",49.5165,21.646,12.5763,27.791
"203",49.686,21.6045,12.5944,27.8259
"204",49.3169,21.5782,12.5478,27.7073
"205",49.6782,21.6215,12.6444,27.8386
"206",49.0792,21.6534,12.533,27.6891
"207",49.3627,21.7441,12.5775,27.8203
"208",49.246,21.6169,12.5951,27.7039
"209",50.0542,21.7127,12.4868,27.9716
"210",50.704,21.7249,12.6055,28.166
"211",50.6294,21.6041,12.5168,28.0498
"212",51.3096,21.7042,12.507,28.2963
"213",50.5,21.7118,12.5659,28.0842
"214",49.3958,21.7114,12.6591,27.8274
"215",48.8484,21.6897,12.5839,27.6761
"216",48.8285,21.6347,12.4906,27.6133
"217",49.559,21.7079,12.5481,27.8494
"218",49.5554,21.6476,12.5736,27.8102
"219",49.3311,21.6153,12.6197,27.7292
"220",49.3734,21.6042,12.5779,27.7443
"221",50.0033,21.6542,12.6822,27.9507
"222",49.9888,21.6967,12.6144,27.9565
"223",50.0366,21.7273,12.5483,27.9814
"224",50.1094,21.7209,12.5843,27.9985
"225",50.1152,21.6872,12.5725,27.9775
"226",50.2169,21.7107,12.5235,28.0115
"227",49.6365,21.6271,12.5748,27.8161
"228",50.2195,21.7347,12.6231,28.0373
"229",49.9323,21.7005,12.5729,27.9393
"230",49.9891,21.7026,12.6278,27.9696
"231",50.4701,21.6746,12.6361,28.072
"232",50.4818,21.6551,12.4995,28.0518
"233",50.1418,21.6606,12.638,27.9796
"234",50.3901,21.6884,12.5796,28.0564
"235",49.7533,21.7354,12.5634,27.923
"236",49.4256,21.7277,12.5756,27.8264
"237",49.483,21.6444,12.5866,27.7864
"238",49.9318,21.681,12.5254,27.9227
"239",49.4117,21.672,12.6675,27.7999
"240",49.9315,21.7477,12.5933,27.9802
"241",50.1574,21.7944,12.5303,28.0491
"242",50.7684,21.7355,12.5161,28.1767
"243",49.6812,21.72,12.6129,27.9003
"244",49.8471,21.7785,12.6325,27.9872
"245",50.6752,21.8105,12.6189,28.2185
"246",50.5606,21.7722,12.5711,28.1513
"247",50.7348,21.7847,12.5441,28.2032
"248",50.2365,21.7144,12.5567,28.0261
"249",49.9115,21.7214,12.682,27.9643
"250",50.497,21.7245,12.6348,28.1039
"251",50.3707,21.7082,12.5199,28.0586
"252",50.2371,21.6976,12.5329,28.0221
"253",50.1968,21.6471,12.6225,27.9793
"254",50.1966,21.7427,12.6019,28.042
"255",50.3126,21.7465,12.5788,28.074
"256",49.6645,21.6613,12.69,27.8618
"257",49.7369,21.6999,12.5914,27.907
"258",49.8173,21.7234,12.6236,27.9484
"259",49.6431,21.6195,12.5601,27.8266
"260",49.2821,21.7275,12.7114,27.8196
"261",49.1501,21.6112,12.6546,27.7017
"262",49.3897,21.6355,12.6048,27.7768
"263",49.2921,21.5912,12.6328,27.7158
"264",49.5809,21.6381,12.5816,27.8198
"265",49.4899,21.6107,12.6272,27.7871
"266",49.4636,21.672,12.647,27.822
"267",48.9963,21.6501,12.6213,27.6939
"268",48.7801,21.6041,12.6844,27.6153
"269",49.8861,21.7221,12.6187,27.9714
"270",50.1655,21.618,12.6218,27.9675
"271",50.8113,21.7243,12.6456,28.1911
"272",50.1769,21.6441,12.7022,27.9799
"273",50.531,21.6713,12.6637,28.0756
"274",50.5866,21.6286,12.6682,28.0585
"275",50.5765,21.7714,12.6096,28.1629
"276",50.3038,21.7343,12.6646,28.0682
"277",49.6657,21.6674,12.6803,27.859
"278",49.3149,21.715,12.6539,27.7995
"279",49.386,21.6322,12.6595,27.7656
"280",49.5463,21.6975,12.7112,27.8395
"281",50.1163,21.6202,12.6286,27.9356
"282",49.6042,21.6131,12.6176,27.8017
"283",49.9287,21.6433,12.6063,27.906
"284",49.8195,21.7053,12.5092,27.8987
"285",49.3744,21.6444,12.6403,27.7562
"286",49.8658,21.6519,12.6331,27.8827
"287",49.4864,21.6482,12.5561,27.783
"288",49.9142,21.6737,12.6424,27.9382
"289",50.5033,21.7539,12.7409,28.1317
"290",50.0271,21.6566,12.6776,27.9487
"291",49.8672,21.5787,12.6664,27.869
"292",49.6404,21.6777,12.6349,27.872
"293",49.8188,21.6301,12.6153,27.8717
"294",49.8535,21.6295,12.5687,27.8814
"295",49.06,21.71,12.6286,27.7424
"296",49.8303,21.5887,12.5899,27.8533
"297",49.5715,21.6221,12.5624,27.8022
"298",49.3342,21.592,12.6356,27.741
"299",49.2137,21.6312,12.5621,27.7274
"300",49.5828,21.6591,12.5562,27.8436
"301",48.7895,21.6631,12.602,27.6459
"302",48.7021,21.6263,12.5852,27.6
"303",48.7967,21.5847,12.6139,27.5983
"304",49.283,21.5701,12.6499,27.7313
"305",48.8664,21.5832,12.5818,27.6377
"306",49.6604,21.7106,12.5943,27.9047
"307",49.3543,21.6572,12.6182,27.8138
"308",49.1925,21.63,12.6695,27.7631
"309",49.6241,21.6208,12.6468,27.8453
"310",50.3581,21.6289,12.5751,28.0467
"311",50.7917,21.6175,12.6048,28.1447
"312",51.7337,21.6594,12.6534,28.4159
"313",51.9299,21.6983,12.6423,28.4892
"314",51.443,21.664,12.5567,28.3356
"315",51.4218,21.7255,12.5941,28.357
"316",50.4895,21.5669,12.6225,28.0007
"317",50.7088,21.5874,12.6338,28.0817
"318",50.7969,21.5816,12.5402,28.0938
"319",49.7904,21.6782,12.5093,27.8974
"320",50.0625,21.6426,12.5963,27.9628
"321",50.2198,21.6524,12.647,28.0055
"322",50.145,21.6169,12.7239,27.9701
"323",50.1704,21.6471,12.6366,27.9935
"324",50.2344,21.6636,12.6006,28.0205
"325",50.2699,21.5852,12.5572,27.9669
"326",51.1471,21.6612,12.6408,28.2593
"327",50.806,21.6595,12.5961,28.1693
"328",51.2971,21.7193,12.6666,28.3335
"329",51.1012,21.6568,12.6069,28.2366
"330",50.7109,21.6328,12.6413,28.1198
"331",51.3197,21.6872,12.607,28.311
"332",51.6011,21.7176,12.5762,28.4031
"333",51.4201,21.6568,12.6238,28.3095
"334",51.5168,21.6499,12.5278,28.3298
"335",51.2076,21.6671,12.6312,28.2696
"336",51.3243,21.6709,12.7123,28.3092
"337",51.2983,21.6746,12.7093,28.3128
"338",50.927,21.6731,12.6497,28.1994
"339",51.4496,21.7588,12.6759,28.3983
"340",51.3405,21.7154,12.6461,28.3276
"341",51.3054,21.6532,12.608,28.2826
"342",51.6666,21.7069,12.5744,28.4234
"343",51.3948,21.638,12.6406,28.3149
"344",50.7251,21.6461,12.6438,28.1136
"345",51.0655,21.6519,12.6867,28.2167
"346",50.8722,21.6088,12.571,28.1274
"347",50.8297,21.5287,12.5993,28.0764
"348",50.8676,21.6587,12.5862,28.1726
"349",49.5243,21.7394,12.6235,27.8763
"350",49.9215,21.5264,12.5987,27.8242
"351",50.5564,21.6113,12.6374,28.0518
"352",50.4865,21.6299,12.63,28.0601
"353",50.3344,21.7344,12.579,28.0761
"354",49.5082,21.6624,12.6414,27.8174
"355",49.954,21.6664,12.6067,27.9351
"356",49.7133,21.6935,12.4835,27.8796
"357",49.4637,21.7176,12.5212,27.8419
"358",49.4821,21.7521,12.6035,27.8749
"359",49.5415,21.6851,12.5746,27.8385
"360",49.8206,21.6456,12.6057,27.8835
"361",50.0972,21.6695,12.6582,27.9831
"362",49.9018,21.6097,12.6103,27.8839
"363",49.9391,21.6403,12.6282,27.9138
"364",49.8788,21.6584,12.5933,27.9105
"365",49.8716,21.5977,12.6967,27.8701
"366",49.484,21.73,12.5708,27.8534
"367",49.4195,21.6198,12.5469,27.7631
"368",49.4705,21.6767,12.5433,27.8172
"369",49.3217,21.588,12.5877,27.718
"370",49.1134,21.6343,12.588,27.6967
"371",49.692,21.6888,12.5334,27.884
"372",50.1732,21.7219,12.3876,28.0117
"373",49.2996,21.579,12.5508,27.7089
"374",49.0112,21.5983,12.559,27.6437
"375",49.2642,21.6189,12.4882,27.7216
"376",49.7257,21.5958,12.5151,27.8332
"377",49.9983,21.7065,12.5514,27.962
"378",49.9258,21.6064,12.6166,27.89
"379",49.8857,21.6377,12.5262,27.8908
"380",49.5322,21.7011,12.5454,27.8464
"381",49.9033,21.6645,12.5269,27.9126
"382",49.5967,21.6496,12.516,27.8187
"383",49.9136,21.7086,12.4988,27.9403
"384",50.18,21.6917,12.5356,28.0069
"385",49.8755,21.7195,12.5253,27.9398
"386",50.3339,21.6898,12.589,28.0452
"387",49.8448,21.6541,12.5153,27.8975
"388",49.6992,21.6063,12.6471,27.8232
"389",50.8221,21.7073,12.5684,28.1778
"390",50.3541,21.7504,12.5078,28.085
"391",50.5801,21.6858,12.5121,28.1032
"392",50.4967,21.6911,12.6268,28.095
"393",50.2524,21.673,12.5971,28.0243
"394",49.8714,21.663,12.6356,27.9199
"395",50.2821,21.6827,12.5692,28.0226
"396",50.6757,21.7114,12.5783,28.1472
"397",50.3664,21.7292,12.611,28.0819
"398",50.8557,21.6971,12.6033,28.2003
"399",50.1749,21.6842,12.5682,28.0014
"400",49.7565,21.638,12.5554,27.8539
"401",50.415,21.6768,12.567,28.0631
"402",50.0082,21.7088,12.5793,27.9872
"403",50.2753,21.6162,12.5522,27.9931
"404",49.378,21.6827,12.5797,27.8091
"405",49.6036,21.728,12.5796,27.8855
"406",49.7276,21.8073,12.5626,27.9947
"407",49.9075,21.6864,12.655,27.9568
"408",49.9314,21.696,12.603,27.9553
"409",49.6902,21.6908,12.595,27.8858
"410",49.4609,21.5898,12.5628,27.7639
"411",49.5225,21.6652,12.5855,27.8185
"412",49.3942,21.6708,12.5291,27.7851
"413",49.9711,21.6052,12.5715,27.8909
"414",49.8639,21.6014,12.6347,27.867
"415",49.5191,21.6296,12.5399,27.8003
"416",49.094,21.6301,12.5519,27.6856
"417",49.2594,21.604,12.5457,27.7139
"418",49.0916,21.6876,12.7137,27.7325
"419",49.0907,21.6895,12.5472,27.7224
"420",50.0363,21.6946,12.5428,27.9714
"421",49.8192,21.6808,12.5672,27.911
"422",49.3035,21.6536,12.5301,27.757
"423",49.3092,21.6546,12.6033,27.7708
"424",49.4576,21.6743,12.5234,27.8221
"425",48.9774,21.6351,12.5811,27.6718
"426",49.4122,21.6556,12.5795,27.7958
"427",49.8287,21.6569,12.5418,27.896
"428",49.431,21.6438,12.5276,27.7836
"429",49.3778,21.6366,12.5195,27.7597
"430",49.4667,21.7681,12.4944,27.8698
"431",49.4841,21.613,12.5766,27.7796
"432",49.6182,21.6258,12.6129,27.8227
"433",49.9055,21.6311,12.6264,27.9091
"434",49.6795,21.5924,12.6467,27.837
"435",50.2567,21.6005,12.5825,27.9828
"436",49.5696,21.5671,12.5359,27.7718
"437",49.9772,21.7034,12.5739,27.9705
"438",50.0824,21.641,12.608,27.9604
"439",50.0708,21.7277,12.6215,28.0042
"440",49.5564,21.6108,12.4686,27.7945
"441",49.5635,21.5634,12.5237,27.7696
"442",49.9826,21.6678,12.5357,27.9415
"443",49.5961,21.6195,12.592,27.8025
"444",49.5978,21.5746,12.5046,27.7807
"445",49.7046,21.6801,12.5338,27.8818
"446",49.3075,21.6202,12.4534,27.7356
"447",49.2066,21.7159,12.5493,27.7802
"448",49.1487,21.6953,12.4566,27.7495
"449",48.1564,21.7095,12.5002,27.5073
"450",48.0691,21.7117,12.5251,27.4967
"451",47.8605,21.6972,12.5157,27.4365
"452",47.966,21.6114,12.5332,27.4004
"453",48.0631,21.6498,12.5747,27.4527
"454",48.4802,21.6852,12.4564,27.5649
"455",48.3787,21.5604,12.511,27.4652
"456",47.8995,21.7005,12.5887,27.4546
"457",48.0757,21.6012,12.5694,27.4282
"458",48.6963,21.5662,12.4492,27.5402
"459",49.0169,21.6616,12.5053,27.6874
"460",48.8324,21.6086,12.4859,27.6071
"461",49.431,21.5911,12.4953,27.7503
"462",48.8655,21.552,12.5091,27.5788
"463",48.3818,21.6191,12.5484,27.5046
"464",48.8446,21.6211,12.4402,27.6081
"465",49.107,21.6778,12.3922,27.7142
"466",48.5837,21.5517,12.5163,27.5188
"467",49.5173,21.64,12.5102,27.8045
"468",49.3568,21.6695,12.5781,27.791
"469",49.783,21.6585,12.522,27.8809
"470",50.3457,21.7748,12.5127,28.0925
"471",49.5319,21.6376,12.5224,27.7943
"472",50.222,21.7054,12.38,28.0136
"473",49.8007,21.7015,12.5377,27.9151
"474",49.9121,21.6824,12.3958,27.9213
"475",50.1485,21.6403,12.418,27.9517
"476",50.2014,21.6977,12.4739,28.0049
"477",49.8229,21.7026,12.466,27.9083
"478",49.5409,21.6291,12.4408,27.7852
"479",49.7839,21.5855,12.4905,27.8259
"480",49.4657,21.6821,12.4667,27.8076
"481",49.3008,21.6268,12.465,27.7225
"482",49.7458,21.6669,12.4404,27.8589
"483",49.591,21.6071,12.4538,27.7911
"484",49.6406,21.635,12.4815,27.826
"485",49.4548,21.7961,12.3664,27.8773
"486",49.3342,21.7412,12.4028,27.8158
"487",48.9882,21.8038,12.4081,27.77
"488",48.927,21.6508,12.4891,27.663
"489",49.1612,21.671,12.4637,27.7284
"490",49.2197,21.7141,12.5582,27.7862
"491",49.1271,21.8157,12.5815,27.828
"492",49.5501,21.7769,12.5117,27.9009
"493",49.4756,21.7205,12.4814,27.8447
"494",49.6728,21.793,12.4815,27.9368
"495",49.4545,21.8095,12.5535,27.9006
"496",49.186,21.7873,12.6465,27.836
"497",49.0712,21.7584,12.5134,27.7769
"498",49.0785,21.6607,12.4862,27.7057
"499",48.8617,21.7557,12.5165,27.7094
"500",48.4523,21.658,12.5608,27.5411
"501",48.7132,21.7226,12.5062,27.6549
"502",48.4291,21.7015,12.5271,27.5713
"503",49.0294,21.6161,12.4895,27.6578
"504",49.6763,21.6922,12.5482,27.8786
"505",49.7652,21.6546,12.489,27.8713
"506",49.2498,21.689,12.4678,27.7651
"507",49.1365,21.6771,12.462,27.7253
"508",49.4033,21.6098,12.5151,27.7376
"509",49.9292,21.5931,12.437,27.8734
"510",49.6339,21.7079,12.4897,27.8723
"511",49.0306,21.6295,12.4223,27.6624
"512",49.5459,21.6987,12.5182,27.8428
"513",49.7464,21.7381,12.5256,27.9178
"514",49.7307,21.7166,12.4654,27.9064
"515",49.8879,21.7543,12.5572,27.9642
"516",49.8031,21.7006,12.4331,27.896
"517",50.0447,21.7542,12.5062,28.0052
"518",49.5033,21.7873,12.4435,27.8816
"519",49.3633,21.7142,12.4403,27.8022
"520",50.0014,21.8105,12.4243,28.0286
"521",50.1458,21.7729,12.4181,28.0389
"522",50.6282,21.8196,12.4608,28.1966
"523",49.6908,21.6836,12.4269,27.8498
"524",49.7177,21.7659,12.4389,27.9203
"525",49.6753,21.707,12.5543,27.8838
"526",49.7974,21.7209,12.4572,27.919
"527",49.8916,21.7035,12.4373,27.9405
"528",49.1351,21.6973,12.4956,27.7309
"529",49.6188,21.7176,12.4611,27.8646
"530",50.0561,21.8025,12.6237,28.0428
"531",50.1841,21.6797,12.5448,27.9932
"532",49.8472,21.6736,12.4761,27.8974
"533",49.5873,21.7085,12.4577,27.8562
"534",50.1497,21.8136,12.5176,28.0698
"535",49.3638,21.8015,12.5453,27.8606
"536",49.5474,21.7314,12.5445,27.8814
"537",49.589,21.7574,12.5634,27.9129
"538",49.5744,21.7367,12.5773,27.8859
"539",50.0435,21.7639,12.5158,28.024
"540",49.3678,21.7684,12.4903,27.858
"541",49.6182,21.7612,12.4938,27.9023
"542",49.3024,21.6419,12.4067,27.739
"543",49.0976,21.708,12.5337,27.7341
"544",49.6351,21.7359,12.5545,27.8957
"545",49.5553,21.7433,12.5549,27.8768
"546",49.2144,21.7342,12.5374,27.7833
"547",49.7942,21.8874,12.5703,28.0235
"548",49.8675,21.814,12.486,27.9984
"549",49.4921,21.7199,12.6213,27.8499
"550",49.829,21.6761,12.5097,27.8847
"551",49.7931,21.7935,12.6188,27.9705
"552",49.2701,21.769,12.5701,27.8183
"553",49.7009,21.7416,12.5255,27.9087
"554",48.934,21.7505,12.485,27.7196
"555",49.0036,21.8056,12.5694,27.7877
"556",48.5619,21.7948,12.6524,27.6651
"557",48.3313,21.7488,12.624,27.5833
"558",48.8973,21.8044,12.5151,27.7662
"559",48.6177,21.7712,12.5562,27.6736
"560",48.5468,21.8363,12.5239,27.6882
"561",48.378,21.7294,12.536,27.5792
"562",48.7085,21.8114,12.534,27.6993
"563",48.7169,21.7599,12.5937,27.683
"564",48.9717,21.7339,12.5319,27.7229
"565",48.7511,21.8125,12.5404,27.7267
"566",48.8608,21.8135,12.5427,27.7646
"567",49.4427,21.7383,12.5018,27.8458
"568",49.2301,21.6364,12.5323,27.7251
"569",49.1335,21.6932,12.5553,27.7412
"570",49.3856,21.7378,12.4906,27.8335
"571",49.7861,21.7697,12.495,27.9461
"572",49.7441,21.673,12.5346,27.8795
"573",49.8429,21.8228,12.5684,27.993
"574",49.9561,21.754,12.6012,27.9828
"575",49.8454,21.76,12.542,27.9664
"576",48.8406,21.7177,12.4973,27.6737
"577",48.4145,21.7239,12.6105,27.5762
"578",48.6338,21.7316,12.6104,27.6545
"579",49.133,21.8374,12.5684,27.8447
"580",48.7502,21.8443,12.5784,27.7511
"581",48.4874,21.7547,12.5935,27.6376
"582",49.1084,21.6912,12.6041,27.7489
"583",49.5611,21.8587,12.5956,27.9674
"584",49.832,21.7864,12.5828,27.9867
"585",49.6349,21.8241,12.5787,27.9634
"586",49.8003,21.9108,12.589,28.0529
"587",49.2228,21.7859,12.6736,27.8323
"588",49.215,21.7815,12.6454,27.8338
"589",49.2825,21.8104,12.5578,27.8594
"590",49.2587,21.7482,12.5841,27.8315
"591",49.3078,21.7185,12.6033,27.8123
"592",49.2881,21.7516,12.5871,27.8348
"593",49.1396,21.6977,12.6304,27.756
"594",49.5702,21.7243,12.6136,27.8962
"595",49.7488,21.8404,12.6896,28.011
"596",49.4761,21.7191,12.6084,27.8555
"597",49.6056,21.7892,12.5583,27.9193
"598",49.6181,21.6947,12.5049,27.8612
"599",49.7715,21.6882,12.5555,27.9076
"600",49.5448,21.7317,12.5993,27.8837
"601",50.199,21.829,12.5565,28.1041
"602",49.8982,21.7977,12.5578,27.9998
"603",49.9089,21.8137,12.5999,28.0217
"604",49.8606,21.6934,12.5147,27.9217
"605",49.9554,21.7451,12.5565,27.9885
"606",49.5059,21.7219,12.5413,27.8522
"607",49.5149,21.745,12.6326,27.8876
"608",49.6065,21.7973,12.5989,27.942
"609",50.2794,21.7962,12.6139,28.1064
"610",50.1548,21.8663,12.5836,28.1208
"611",49.6656,21.7744,12.5938,27.9226
"612",49.7292,21.7947,12.5626,27.9647
"613",49.6952,21.8093,12.5745,27.9638
"614",49.9968,21.7824,12.5437,28.021
"615",49.6428,21.7733,12.5914,27.9159
"616",49.8593,21.7727,12.578,27.9685
"617",49.8236,21.8353,12.5775,27.9918
"618",50.1477,21.8047,12.4925,28.072
"619",49.2737,21.7572,12.513,27.8122
"620",49.7889,21.8151,12.6197,27.9843
"621",49.6009,21.7063,12.5855,27.8524
"622",49.7116,21.7473,12.529,27.915
"623",49.2777,21.7378,12.4358,27.7924
"624",49.4486,21.844,12.5583,27.9245
"625",48.9767,21.698,12.5884,27.7009
"626",49.6087,21.7553,12.6444,27.9066
"627",49.3748,21.6992,12.5782,27.8183
"628",49.64,21.7565,12.545,27.9124
"629",49.7199,21.7669,12.6354,27.9543
"630",49.6932,21.7558,12.5557,27.9271
"631",49.7169,21.8047,12.5781,27.9792
"632",48.9669,21.7543,12.5995,27.7362
"633",49.2186,21.8449,12.539,27.8575
"634",49.0239,21.825,12.5819,27.801
"635",48.6802,21.7524,12.5675,27.6732
"636",48.7162,21.7554,12.5572,27.672
"637",48.5866,21.7927,12.5447,27.6794
"638",48.4682,21.6602,12.5459,27.5716
"639",48.5721,21.735,12.495,27.644
"640",49.3432,21.7495,12.5139,27.8432
"641",48.9802,21.7228,12.5422,27.7355
"642",49.0223,21.7826,12.5491,27.7754
"643",49.259,21.7299,12.511,27.7947
"644",49.5457,21.8218,12.4533,27.9174
"645",49.3361,21.7681,12.5557,27.8409
"646",49.6934,21.8641,12.5807,28.0097
"647",49.8735,21.8869,12.508,28.0675
"648",49.9991,21.8351,12.473,28.0608
"649",49.9106,21.8541,12.5044,28.0447
"650",49.682,21.8732,12.3928,27.9782
"651",49.7929,21.906,12.5098,28.0386
"652",49.733,21.8381,12.4289,27.972
"653",49.6427,21.804,12.3769,27.9396
"654",49.3732,21.7908,12.4147,27.8636
"655",49.4241,21.8181,12.3995,27.8927
"656",49.5636,21.7183,12.4289,27.8629
"657",49.2396,21.7985,12.4083,27.8355
"658",49.5873,21.6988,12.5015,27.8651
"659",49.8335,21.8257,12.5013,28
"660",49.57,21.7719,12.5215,27.8869
"661",49.5197,21.796,12.4006,27.897
"662",49.8146,21.8829,12.485,28.0224
"663",49.9496,21.8423,12.5078,28.0396
"664",50.396,21.8941,12.5473,28.1807
"665",50.7121,21.8633,12.6015,28.2548
"666",49.9145,21.8383,12.4561,28.0169
"667",49.996,21.8924,12.517,28.0863
"668",50.1912,21.8907,12.4869,28.1264
"669",50.1556,21.8966,12.5119,28.134
"670",49.9614,21.9247,12.5243,28.11
"671",49.8213,21.8421,12.5883,28.0176
"672",49.4665,21.8377,12.5942,27.9261
"673",50.068,21.8597,12.4977,28.0996
"674",49.9516,21.8686,12.4678,28.0644
"675",49.798,21.7994,12.4011,27.9764
"676",49.6563,21.8077,12.5514,27.9577
"677",49.2946,21.8471,12.4915,27.8959
"678",49.0479,21.782,12.4988,27.7753
"679",48.4862,21.6957,12.4616,27.5841
"680",49.4665,21.7507,12.5604,27.877
"681",50.0358,21.7942,12.4938,28.0553
"682",49.5683,21.8001,12.4895,27.9273
"683",49.1723,21.8155,12.4869,27.83
"684",49.5087,21.7806,12.4759,27.8867
"685",49.7222,21.8589,12.4684,28.0047
"686",50.6379,21.8216,12.4891,28.2146
"687",50.0193,21.8684,12.5694,28.0932
"688",50.0939,21.8067,12.6015,28.0669
"689",49.9705,21.8363,12.5252,28.044
"690",49.7045,21.7274,12.4916,27.9025
"691",50.2254,21.8169,12.5811,28.0981
"692",50.4667,21.8351,12.5024,28.166
"693",50.0457,21.8039,12.487,28.0389
"694",50.3284,21.7889,12.5015,28.1065
"695",50.0229,21.8134,12.5211,28.0454
"696",49.7052,21.8392,12.5732,27.9849
"697",50.0675,21.7095,12.5084,27.99
"698",50.3711,21.8101,12.4494,28.1187
"699",50.6954,21.849,12.5436,28.2468
"700",50.1305,21.9262,12.4633,28.1345
"701",50.2371,21.86,12.4709,28.1243
"702",50.3813,21.8554,12.5094,28.1619
"703",50.5811,21.8117,12.5144,28.1916
"704",50.6913,21.7856,12.4263,28.1884
"705",50.3018,21.8291,12.4696,28.1164
"706",50.393,21.9064,12.5738,28.2021
"707",50.0293,21.843,12.507,28.0678
"708",49.8274,21.7805,12.4636,27.9795
"709",49.4045,21.7571,12.5213,27.8717
"710",49.2748,21.7092,12.4933,27.801
"711",49.6317,21.6906,12.4494,27.8659
"712",48.9398,21.6843,12.4988,27.6905
"713",49.2436,21.7556,12.4873,27.8118
"714",49.7309,21.7743,12.4984,27.9609
"715",50.1396,21.7383,12.5127,28.0237
"716",49.8455,21.7691,12.4778,27.9685
"717",49.0765,21.7435,12.4017,27.7434
"718",50.0219,21.8298,12.3981,28.0367
"719",49.9793,21.714,12.5318,27.9658
"720",49.4439,21.7816,12.4098,27.8516
"721",50.4122,21.8498,12.4034,28.1533
"722",50.499,21.821,12.5003,28.1645
"723",49.9016,21.7799,12.507,27.9823
"724",50.0207,21.7752,12.4967,28.0117
"725",50.1662,21.826,12.4793,28.0771
"726",50.3898,21.8223,12.4586,28.1333
"727",50.3552,21.8027,12.4844,28.1203
"728",50.4174,21.8147,12.5478,28.1511
"729",50.4472,21.8926,12.5324,28.206
"730",49.8168,21.8317,12.5114,28.0051
"731",50.3,21.8359,12.5535,28.146
"732",50.0163,21.7827,12.5655,28.0342
"733",50.129,21.7565,12.4835,28.0511
"734",50.226,21.7792,12.4157,28.0651
"735",50.2784,21.7731,12.4407,28.0799
"736",50.4292,21.8086,12.4209,28.1471
"737",50.2242,21.6509,12.4848,27.986
"738",49.7978,21.7661,12.5011,27.9707
"739",50.5818,21.7522,12.5296,28.1678
"740",50.4135,21.7522,12.4433,28.1064
"741",50.7277,21.7447,12.4677,28.1796
"742",50.4763,21.7825,12.422,28.1387
"743",50.251,21.7615,12.51,28.0647
"744",49.958,21.8153,12.4394,28.0213
"745",50.0679,21.8484,12.4162,28.0756
"746",50.3428,21.814,12.5221,28.1249
"747",50.2799,21.7412,12.5209,28.0632
"748",50.6524,21.787,12.4808,28.188
"749",50.1545,21.7817,12.4776,28.0539
"750",50.6345,21.8375,12.5052,28.2246
"751",50.3918,21.8296,12.372,28.1479
"752",49.902,21.785,12.5256,27.9975
"753",50.7233,21.8123,12.5859,28.234
"754",50.1275,21.7811,12.3795,28.0457
"755",50.1252,21.855,12.4601,28.0941
"756",49.9817,21.9049,12.4487,28.0858
"757",50.2197,21.9057,12.4114,28.1552
"758",49.6374,21.8115,12.4586,27.9407
"759",50.0637,21.8051,12.4016,28.0283
"760",49.6306,21.7691,12.5094,27.909
"761",50.2117,21.8205,12.4341,28.0893
"762",50.4336,21.8144,12.3722,28.1399
"763",50.4611,21.8685,12.4475,28.1815
"764",49.8585,21.8613,12.4645,28.018
"765",49.919,21.8045,12.5185,28.0089
"766",50.026,21.8913,12.5001,28.0899
"767",50.3388,21.8568,12.4962,28.1448
"768",49.9487,21.7213,12.4521,27.9645
"769",50.0928,21.7826,12.5199,28.0436
"770",49.7257,21.7394,12.4603,27.9152
"771",50.1117,21.7773,12.4562,28.0365
"772",50.3939,21.7332,12.4772,28.0934
"773",50.0939,21.7835,12.4316,28.0396
"774",50.2226,21.7063,12.431,28.0306
"775",50.2626,21.7354,12.4415,28.0514
"776",50.2621,21.7067,12.3934,28.0296
"777",50.2423,21.7742,12.4559,28.058
"778",51.0552,21.7292,12.4527,28.2421
"779",50.2138,21.8003,12.5213,28.072
"780",50.7801,21.8078,12.4168,28.2211
"781",50.1706,21.8089,12.4745,28.0626
"782",49.8311,21.8481,12.4835,28.0217
"783",49.9633,21.8262,12.4637,28.0254
"784",50.2465,21.7747,12.4391,28.0718
"785",50.349,21.7963,12.4643,28.1001
"786",50.0889,21.7534,12.4375,28.0064
"787",50.324,21.7725,12.3983,28.0722
"788",50.5202,21.803,12.4519,28.1576
"789",50.1853,21.7139,12.484,28.008
"790",50.4833,21.717,12.48,28.0888
"791",50.3001,21.7356,12.5322,28.0684
"792",50.0534,21.6981,12.3809,27.9631
"793",49.7344,21.695,12.4898,27.8959
"794",49.7425,21.726,12.4058,27.8952
"795",49.7231,21.6882,12.5447,27.8816
"796",49.5722,21.7126,12.4464,27.853
"797",49.7694,21.7724,12.5621,27.9474
"798",50.566,21.7314,12.4816,28.1213
"799",50.2049,21.7288,12.5197,28.0212
"800",49.7172,21.6846,12.517,27.8724
"801",49.4933,21.7156,12.5123,27.8414
"802",49.5049,21.7422,12.498,27.858
"803",49.6893,21.7006,12.5963,27.8884
"804",50.0603,21.7344,12.5629,28.005
"805",50.323,21.7947,12.5475,28.1102
"806",49.9802,21.7372,12.4445,27.9706
"807",50.2386,21.7408,12.561,28.0526
"808",50.4128,21.7223,12.4335,28.0745
"809",50.3925,21.7534,12.5669,28.097
"810",50.8919,21.7685,12.5232,28.2369
"811",50.4524,21.7202,12.429,28.0836
"812",50.6411,21.7393,12.5035,28.149
"813",50.8152,21.83,12.4274,28.2412
"814",50.3513,21.749,12.4967,28.0835
"815",50.141,21.6854,12.4124,27.9816
"816",50.4291,21.8181,12.4302,28.1372
"817",49.7173,21.6799,12.4818,27.8696
"818",49.566,21.6925,12.5028,27.8525
"819",49.4652,21.714,12.4802,27.8496
"820",50.1314,21.7287,12.4568,28.0217
"821",49.5534,21.8129,12.547,27.9316
"822",49.6261,21.7285,12.5118,27.8923
"823",50.32,21.7141,12.4707,28.0638
"824",50.4661,21.8518,12.4903,28.1841
"825",49.8023,21.7859,12.4837,27.9586
"826",50.7257,21.8494,12.4861,28.247
"827",50.6517,21.806,12.4131,28.1994
"828",51.0736,21.7635,12.4301,28.2718
"829",50.0594,21.8149,12.4621,28.062
"830",50.3839,21.7568,12.4859,28.1026
"831",49.9165,21.7569,12.4595,27.9738
"832",49.5815,21.777,12.4909,27.9098
"833",49.716,21.9027,12.5167,28.018
"834",49.7874,21.8983,12.4929,28.0388
"835",49.6638,21.8193,12.5024,27.9479
"836",49.5694,21.8146,12.5318,27.9264
"837",49.5264,21.8017,12.5727,27.9096
"838",49.5716,21.7398,12.6028,27.8817
"839",49.6995,21.7724,12.5493,27.926
"840",49.988,21.6927,12.5781,27.9604
"841",50.1011,21.7665,12.5924,28.031
"842",49.3828,21.66,12.5204,27.7764
"843",49.5046,21.7699,12.5,27.8816
"844",50.2454,21.6766,12.5764,28.0128
"845",50.1256,21.7016,12.4496,27.984
"846",49.9314,21.6564,12.6106,27.9187
"847",49.9653,21.6653,12.4614,27.9212
"848",50.6611,21.7036,12.5368,28.1205
"849",50.9105,21.7353,12.4539,28.2179
"850",50.6604,21.7572,12.5186,28.1541
"851",50.8561,21.7025,12.4333,28.1756
"852",50.4152,21.6776,12.5299,28.0555
"853",50.5456,21.7549,12.451,28.13
"854",50.5552,21.7542,12.3908,28.1346
"855",50.0946,21.6811,12.5267,27.9726
"856",49.7446,21.6883,12.4807,27.8856
"857",49.6558,21.7217,12.5254,27.8893
"858",49.5251,21.7153,12.5553,27.8647
"859",49.6001,21.6375,12.5296,27.8332
"860",49.4973,21.6807,12.5311,27.8364
"861",49.4197,21.8031,12.5574,27.8988
"862",49.6653,21.7298,12.4851,27.9024
"863",49.6227,21.7498,12.5426,27.9015
"864",49.1222,21.7,12.5594,27.7521
"865",49.7551,21.7278,12.4635,27.9326
"866",49.5,21.7201,12.3931,27.8513
"867",49.9501,21.7553,12.5613,27.9972
"868",50.0563,21.8113,12.473,28.0482
"869",50.2657,21.8291,12.4542,28.1081
"870",49.731,21.7095,12.4987,27.8908
"871",50.1806,21.699,12.4406,28.0066
"872",49.6627,21.7382,12.4956,27.8979
"873",49.5622,21.7337,12.4647,27.8665
"874",49.7623,21.7005,12.5264,27.9143
"875",49.3826,21.6789,12.5357,27.8091
"876",49.596,21.6834,12.4789,27.8585
"877",49.7383,21.7035,12.5505,27.909
"878",49.6118,21.7972,12.5492,27.9403
"879",49.4962,21.7275,12.5348,27.8551
"880",49.7761,21.798,12.5018,27.9659
"881",50.0854,21.8019,12.4868,28.0523
"882",50.026,21.7642,12.554,28.0044
"883",50.1813,21.7538,12.524,28.0411
"884",49.8165,21.7723,12.5963,27.9761
"885",50.2077,21.6908,12.6136,28.0256
"886",50.2443,21.7081,12.5393,28.0285
"887",49.9518,21.6987,12.5172,27.9581
"888",50.8035,21.7993,12.4369,28.2234
"889",50.7457,21.703,12.4592,28.1403
"890",51.2144,21.7226,12.5875,28.2818
"891",51.5284,21.8119,12.4872,28.4203
"892",51.4967,21.7731,12.5154,28.3879
"893",51.7402,21.7403,12.5374,28.4319
"894",51.5282,21.7218,12.5745,28.3723
"895",51.4957,21.6838,12.5622,28.3296
"896",51.069,21.7005,12.5585,28.2365
"897",51.1981,21.6929,12.5813,28.2627
"898",51.4617,21.6412,12.5198,28.2909
"899",50.3885,21.6643,12.5986,28.0318
"900",50.6066,21.6353,12.5428,28.0791
"901",49.9995,21.5882,12.5299,27.8992
"902",50.542,21.6665,12.5178,28.0787
"903",50.4738,21.6663,12.476,28.0494
"904",51.0049,21.7339,12.5101,28.2359
"905",50.597,21.7599,12.5934,28.1476
"906",50.4201,21.7377,12.5192,28.0904
"907",50.4564,21.7281,12.4959,28.085
"908",50.3432,21.656,12.5808,28.0284
"909",50.5322,21.7148,12.5368,28.1031
"910",49.9018,21.742,12.5534,27.9599
"911",50.8131,21.6592,12.5486,28.1431
"912",50.0897,21.7771,12.5196,28.0407
"913",50.0308,21.7548,12.6001,27.9986
"914",49.8128,21.6852,12.6061,27.9074
"915",49.8819,21.7256,12.5655,27.9372
"916",50.2625,21.7317,12.4889,28.05
"917",50.0985,21.7862,12.5462,28.0443
"918",50.2448,21.7278,12.5154,28.0512
"919",49.4349,21.6969,12.5638,27.8192
"920",50.6769,21.7483,12.4956,28.1768
"921",50.5389,21.6489,12.5635,28.0674
"922",50.4702,21.6797,12.4772,28.0676
"923",49.7469,21.6472,12.6171,27.8715
"924",50.4078,21.7354,12.5676,28.1038
"925",51.0726,21.6722,12.6022,28.23
"926",50.2242,21.649,12.544,27.9941
"927",50.5158,21.5891,12.6278,28.0353
"928",50.692,21.6468,12.5424,28.1102
"929",50.7546,21.6804,12.5063,28.1374
"930",50.4625,21.63,12.4921,28.0373
"931",51.1496,21.6418,12.5293,28.2279
"932",51.0993,21.6246,12.5863,28.2057
"933",51.1203,21.6677,12.5003,28.2257
"934",50.9029,21.6927,12.514,28.1894
"935",51.1057,21.6471,12.5477,28.2142
"936",51.0163,21.7351,12.5684,28.2464
"937",51.1591,21.6841,12.5555,28.2541
"938",51.0832,21.7166,12.4643,28.2462
"939",50.9364,21.6301,12.4674,28.1465
"940",51.5813,21.6849,12.5757,28.3623
"941",51.2195,21.6284,12.5982,28.2251
"942",51.4033,21.6321,12.508,28.2726
"943",50.9348,21.5995,12.5802,28.135
"944",51.2553,21.7539,12.6076,28.3159
"945",50.6432,21.7258,12.5923,28.15
"946",51.1626,21.7169,12.5178,28.2778
"947",50.9149,21.6345,12.5762,28.158
"948",50.7655,21.7689,12.483,28.2047
"949",50.8289,21.6226,12.4285,28.1262
"950",50.3824,21.5976,12.552,27.9952
"951",51.0658,21.738,12.4411,28.2572
"952",51.5174,21.6568,12.4518,28.3093
"953",50.7313,21.6898,12.5262,28.1299
"954",50.5376,21.5413,12.4525,27.9873
"955",50.3538,21.6589,12.5109,28.0275
"956",50.8757,21.6449,12.5067,28.1529
"957",50.8709,21.7109,12.5377,28.2005
"958",51.1025,21.6648,12.4518,28.2215
"959",51.087,21.7438,12.5122,28.2748
"960",51.5831,21.7846,12.5429,28.4287
"961",51.0924,21.6879,12.4434,28.2206
"962",50.5119,21.6966,12.495,28.0826
"963",50.5355,21.6944,12.5341,28.0851
"964",50.1538,21.7093,12.4687,27.997
"965",50.2233,21.7356,12.4876,28.0247
"966",49.8525,21.6838,12.5118,27.921
"967",49.9037,21.7655,12.5236,27.9831
"968",50.3093,21.7591,12.5473,28.0845
"969",50.1156,21.7847,12.4948,28.0586
"970",49.9319,21.668,12.4338,27.9236
"971",50.2733,21.7097,12.4464,28.0378
"972",50.4152,21.7711,12.513,28.1172
"973",49.8371,21.6974,12.5237,27.9148
"974",49.5699,21.6261,12.5152,27.8006
"975",49.9731,21.7699,12.5037,28.0039
"976",49.8266,21.7408,12.4678,27.9418
"977",49.9288,21.7092,12.5035,27.9468
"978",49.6487,21.6648,12.5262,27.8536
"979",50.0011,21.6915,12.5299,27.9598
"980",50.3594,21.7676,12.5552,28.109
"981",49.9309,21.7335,12.5084,27.9721
"982",49.5606,21.655,12.527,27.8224
"983",50.6512,21.7581,12.5304,28.1621
"984",49.6576,21.7065,12.6046,27.8788
"985",49.5571,21.8082,12.6049,27.9222
"986",49.7602,21.8072,12.5414,27.9554
"987",49.9853,21.8618,12.5903,28.0883
"988",49.5321,21.7538,12.5561,27.8929
"989",49.784,21.7748,12.5653,27.9666
"990",49.4997,21.7064,12.582,27.8531
"991",49.5646,21.7807,12.589,27.914
"992",49.2681,21.7882,12.5537,27.8416
"993",49.4461,21.8368,12.4841,27.9088
"994",49.4424,21.7757,12.4705,27.8663
"995",49.2165,21.7343,12.5316,27.7794
"996",49.3998,21.7618,12.5517,27.8599
"997",49.3473,21.7295,12.5674,27.8305
"998",49.3989,21.6995,12.5234,27.8132
"999",50.0554,21.7897,12.5094,28.0499
"1000",50.2091,21.7297,12.4611,28.0301
"1001",49.8591,21.7682,12.4796,27.9726
"1002",50.0453,21.8193,12.493,28.052
"1003",50.1063,21.6997,12.5066,27.9899
"1004",50.249,21.7913,12.5139,28.0846
"1005",50.0825,21.7727,12.5347,28.0326
"1006",50.4818,21.7848,12.5293,28.1405
"1007",50.3585,21.7118,12.4876,28.0621
"1008",50.437,21.7386,12.5279,28.105
"1009",50.3076,21.7647,12.5252,28.0866
"1010",50.4493,21.7222,12.5722,28.0872
"1011",50.1353,21.7732,12.5103,28.0342
"1012",51.1386,21.7994,12.5289,28.3142
"1013",50.5577,21.8029,12.5451,28.1692
"1014",50.634,21.6979,12.539,28.1159
"1015",51.1966,21.8105,12.4962,28.327
"1016",51.533,21.759,12.4636,28.387
"1017",51.4179,21.76,12.5183,28.363
"1018",52.1541,21.6736,12.5417,28.4936
"1019",52.057,21.6784,12.5115,28.476
"1020",51.8755,21.6693,12.5235,28.4147
"1021",52.5577,21.8061,12.5324,28.6856
"1022",52.5223,21.7303,12.5165,28.6367
"1023",51.7872,21.7002,12.5089,28.4291
"1024",51.8589,21.6856,12.5478,28.449
"1025",51.0885,21.6644,12.538,28.2287
"1026",51.2992,21.6544,12.4799,28.2862
"1027",51.172,21.6387,12.5257,28.2416
"1028",51.0741,21.7685,12.4411,28.297
"1029",50.8221,21.7065,12.4299,28.1957
"1030",50.0945,21.6589,12.5091,27.9912
"1031",50.7951,21.6919,12.5722,28.2143
"1032",51.4167,21.6832,12.6323,28.3736
"1033",51.0542,21.5934,12.5367,28.2001
"1034",51.281,21.6304,12.4638,28.2818
"1035",51.2843,21.675,12.4992,28.3214
"1036",51.1497,21.6183,12.5777,28.2541
"1037",50.7636,21.6544,12.5452,28.1645
"1038",50.5935,21.6285,12.4413,28.0872
"1039",51.3303,21.6532,12.5113,28.2957
"1040",51.4516,21.7393,12.5676,28.3871
"1041",51.3385,21.6613,12.5388,28.3072
"1042",50.7136,21.7072,12.5424,28.1652
"1043",50.5797,21.6265,12.5382,28.0791
"1044",50.8544,21.738,12.6002,28.2232
"1045",50.9071,21.6614,12.5558,28.1889
"1046",50.3892,21.7394,12.5332,28.1139
"1047",50.3143,21.7566,12.5559,28.0838
"1048",49.786,21.6831,12.5087,27.8976
"1049",49.8098,21.6849,12.5135,27.9196
"1050",49.6275,21.6574,12.665,27.8771
"1051",49.7079,21.6991,12.5512,27.908
"1052",49.524,21.678,12.5534,27.8523
"1053",49.3928,21.6245,12.5352,27.7805
"1054",49.667,21.643,12.5161,27.8669
"1055",49.6137,21.5798,12.454,27.7981
"1056",49.8668,21.5943,12.4716,27.8593
"1057",50.4144,21.6195,12.5149,28.0275
"1058",50.2023,21.6253,12.5399,27.9774
"1059",49.852,21.6996,12.609,27.9379
"1060",49.98,21.658,12.4985,27.9441
"1061",50.1071,21.6007,12.493,27.9376
"1062",49.5646,21.6873,12.5801,27.8583
"1063",49.4248,21.6823,12.5561,27.8175
"1064",49.684,21.6952,12.4613,27.8888
"1065",49.2685,21.6483,12.5312,27.7481
"1066",50.196,21.6525,12.5643,28.0021
"1067",49.3337,21.6664,12.54,27.7853
"1068",49.9681,21.716,12.6053,27.9891
"1069",49.8268,21.7001,12.5379,27.9351
"1070",49.9197,21.6535,12.461,27.927
"1071",49.8039,21.6887,12.5463,27.9249
"1072",50.1621,21.6897,12.5282,28.0138
"1073",50.1332,21.7338,12.6078,28.0331
"1074",50.3337,21.6805,12.5405,28.0461
"1075",50.3153,21.6596,12.5568,28.0243
"1076",49.8009,21.6556,12.5553,27.8994
"1077",49.1747,21.6813,12.5071,27.7528
"1078",48.8919,21.7045,12.4477,27.6957
"1079",49.3474,21.6822,12.4526,27.7956
"1080",49.4367,21.6977,12.4566,27.8271
"1081",49.5081,21.7445,12.4513,27.8641
"1082",49.1384,21.6405,12.5235,27.7063
"1083",49.0494,21.6582,12.5329,27.7134
"1084",48.4498,21.6105,12.4797,27.5177
"1085",48.6196,21.6922,12.5399,27.6308
"1086",48.7672,21.6261,12.5177,27.6024
"1087",49.7919,21.7064,12.3701,27.9156
"1088",49.5301,21.685,12.5453,27.8563
"1089",49.5936,21.6391,12.5401,27.8388
"1090",49.4009,21.6711,12.495,27.8032
"1091",49.4105,21.5786,12.4837,27.7535
"1092",49.6879,21.6547,12.5821,27.8766
"1093",49.716,21.7523,12.5632,27.9483
"1094",49.9628,21.6859,12.508,27.9579
"1095",49.4058,21.6703,12.5814,27.8037
"1096",49.9714,21.6802,12.4579,27.9499
"1097",48.9249,21.6746,12.6308,27.7029
"1098",49.5451,21.6677,12.5298,27.841
"1099",49.4521,21.6829,12.5475,27.8281
"1100",49.5986,21.6731,12.4915,27.8601
"1101",49.1984,21.6464,12.4909,27.7298
"1102",49.6932,21.6569,12.6158,27.8753
"1103",49.4935,21.6701,12.5262,27.8378
"1104",49.3484,21.7285,12.5507,27.8488
"1105",48.7494,21.6712,12.5084,27.6434
"1106",48.6518,21.6179,12.5206,27.5911
"1107",49.5663,21.6676,12.4684,27.8375
"1108",49.1921,21.6927,12.4559,27.7677
"1109",49.7177,21.6924,12.4907,27.8944
"1110",49.813,21.6645,12.4511,27.8872
"1111",49.3003,21.6201,12.5061,27.7343
"1112",49.1938,21.6599,12.5845,27.7421
"1113",49.5099,21.6729,12.6156,27.8349
"1114",49.239,21.7511,12.4641,27.7978
"1115",49.5906,21.7221,12.5155,27.8661
"1116",49.4453,21.7085,12.5361,27.8197
"1117",49.8943,21.7097,12.5673,27.966
"1118",50.3875,21.7505,12.5109,28.1097
"1119",50.302,21.6868,12.5307,28.0404
"1120",50.0893,21.7114,12.5479,27.9995
"1121",50.1712,21.6401,12.5565,27.9769
"1122",50.4106,21.6751,12.5219,28.0547
"1123",50.399,21.6153,12.5517,28.0035
"1124",50.9915,21.639,12.5685,28.1998
"1125",50.4343,21.6302,12.5238,28.0259
"1126",50.0697,21.6314,12.56,27.9433
"1127",50.0096,21.7035,12.5078,27.97
"1128",49.2692,21.7152,12.5535,27.7962
"1129",49.2279,21.5905,12.5186,27.7047
"1130",49.266,21.7278,12.5136,27.8056
"1131",49.6771,21.7588,12.5476,27.944
"1132",49.2925,21.7173,12.5335,27.8209
"1133",49.1802,21.7,12.5719,27.7853
"1134",49.8077,21.8096,12.5073,28.0113
"1135",49.5277,21.6903,12.6193,27.8615
"1136",49.5075,21.7054,12.6067,27.8656
"1137",49.4617,21.6997,12.5649,27.8369
"1138",49.9032,21.6923,12.5718,27.9351
"1139",49.8973,21.6784,12.5462,27.9289
"1140",49.9622,21.7175,12.5566,27.9745
"1141",49.4069,21.6615,12.5979,27.7949
"1142",50.3251,21.7352,12.4872,28.0787
"1143",50.0802,21.7476,12.4616,28.0193
"1144",50.6333,21.7236,12.5156,28.1455
"1145",50.2155,21.6527,12.5511,28.0024
"1146",50.0929,21.7454,12.5682,28.0261
"1147",49.7437,21.7862,12.5433,27.9664
"1148",50.0218,21.7369,12.6322,28.0106
"1149",49.5756,21.6499,12.5858,27.8218
"1150",50.404,21.6406,12.5619,28.0365
"1151",49.6927,21.6396,12.5882,27.8501
"1152",49.5022,21.616,12.5868,27.7929
"1153",49.4367,21.6815,12.7071,27.8408
"1154",49.7325,21.7171,12.5234,27.9178
"1155",50.0619,21.6864,12.608,27.9783
"1156",50.2679,21.697,12.538,28.0244
"1157",50.8171,21.5746,12.5988,28.0967
"1158",50.4393,21.6533,12.5716,28.0451
"1159",50.2722,21.7071,12.6491,28.0522
"1160",49.8792,21.6657,12.5238,27.9108
"1161",49.635,21.6497,12.6516,27.8475
"1162",50.4387,21.701,12.5642,28.0774
"1163",50.7204,21.6683,12.6413,28.1456
"1164",50.3114,21.7177,12.6248,28.0613
"1165",50.9459,21.722,12.5662,28.2248
"1166",50.6959,21.7236,12.5316,28.1479
"1167",50.2589,21.683,12.4947,28.002
"1168",50.5026,21.6423,12.5284,28.0518
"1169",50.5986,21.7163,12.5053,28.114
"1170",50.526,21.7013,12.6103,28.0968
"1171",50.2924,21.7295,12.5398,28.0506
"1172",50.6005,21.661,12.5122,28.0778
"1173",50.5239,21.6985,12.5273,28.0932
"1174",50.0909,21.728,12.5484,27.9986
"1175",50.3346,21.7528,12.4881,28.0813
"1176",50.2409,21.6922,12.5788,28.0297
"1177",50.2067,21.7529,12.5498,28.05
"1178",49.8954,21.7548,12.5167,27.9658
"1179",49.8391,21.7805,12.5817,27.9762
"1180",50.0681,21.7441,12.6163,28.0166
"1181",49.7895,21.7289,12.5147,27.9298
"1182",50.4331,21.7241,12.6103,28.0984
"1183",50.7447,21.8379,12.5004,28.244
"1184",50.181,21.7895,12.5507,28.0765
"1185",50.0216,21.7624,12.5832,28.0258
"1186",49.8001,21.7256,12.5939,27.9367
"1187",49.3783,21.7291,12.6362,27.8315
"1188",49.6014,21.7259,12.5846,27.8823
"1189",49.2287,21.7434,12.4586,27.7921
"1190",49.3522,21.6755,12.5628,27.8003
"1191",49.1145,21.6307,12.5715,27.7189
"1192",49.7201,21.7036,12.4677,27.9042
"1193",49.9678,21.7501,12.5649,28.0036
"1194",49.6223,21.7237,12.4792,27.8872
"1195",49.9429,21.6887,12.5447,27.9482
"1196",50.0256,21.7485,12.5674,28.0137
"1197",49.9251,21.6571,12.5385,27.9238
"1198",50.2075,21.6909,12.5432,28.0204
"1199",50.2788,21.8077,12.5345,28.1058
"1200",50.3781,21.6857,12.5149,28.0492
"1201",50.2001,21.7109,12.5029,28.022
"1202",49.9662,21.7135,12.564,27.9841
"1203",49.9416,21.6973,12.5735,27.9641
"1204",49.7971,21.7687,12.4809,27.9637
"1205",49.9779,21.7176,12.532,27.9682
"1206",49.5444,21.7174,12.5562,27.8602
"1207",49.7613,21.6822,12.597,27.8995
"1208",49.3109,21.7249,12.5346,27.8058
"1209",49.8172,21.7603,12.4833,27.9645
"1210",49.7442,21.7103,12.5542,27.9137
"1211",49.6565,21.7203,12.5314,27.8878
"1212",50.0673,21.7348,12.5435,28.0055
"1213",49.8427,21.7495,12.5193,27.9456
"1214",49.8894,21.7242,12.5487,27.9503
"1215",49.9629,21.7648,12.5906,28.0131
"1216",49.9407,21.6832,12.5758,27.9421
"1217",49.9143,21.7157,12.5674,27.9617
"1218",49.6375,21.7756,12.6343,27.9268
"1219",49.6792,21.7064,12.5651,27.8871
"1220",49.7875,21.7451,12.5245,27.9353
"1221",49.0852,21.7156,12.5345,27.7295
"1222",49.7602,21.7267,12.5414,27.9115
"1223",50.4502,21.6846,12.5599,28.0638
"1224",49.6324,21.7287,12.5459,27.8904
"1225",49.6964,21.7252,12.6025,27.9194
"1226",49.7002,21.734,12.5916,27.916
"1227",49.4679,21.6745,12.5411,27.8073
"1228",49.7538,21.6234,12.6416,27.8557
"1229",49.6696,21.7694,12.6411,27.9303
"1230",48.9071,21.8122,12.6312,27.7732
"1231",49.2797,21.6859,12.6248,27.7841
"1232",49.0151,21.6901,12.5801,27.7194
"1233",49.3003,21.6963,12.5227,27.7855
"1234",48.7029,21.6483,12.5183,27.5938
"1235",48.9172,21.6461,12.5698,27.6481
"1236",48.6366,21.5841,12.4865,27.5462
"1237",49.6626,21.8081,12.57,27.9629
"1238",49.3907,21.6765,12.6086,27.7987
"1239",50.2252,21.7267,12.5819,28.0421
"1240",50.11,21.6698,12.5662,27.9638
"1241",50.322,21.7526,12.4873,28.0705
"1242",50.5632,21.7041,12.5,28.1
"1243",50.023,21.6329,12.5285,27.9347
"1244",50.0829,21.7084,12.5207,27.9886
"1245",50.6331,21.701,12.5214,28.1218
"1246",50.0462,21.6888,12.4924,27.9422
"1247",49.6552,21.6384,12.5137,27.826
"1248",49.0687,21.6076,12.4742,27.6533
"1249",49.3004,21.6421,12.5284,27.7427
"1250",49.66,21.6764,12.5416,27.8446
"1251",49.5084,21.5952,12.4834,27.7523
"1252",49.2601,21.6752,12.5466,27.7498
"1253",50.0171,21.7387,12.5637,27.986
"1254",50.2408,21.7254,12.5668,28.0346
"1255",50.4892,21.6595,12.5878,28.0514
"1256",50.7654,21.749,12.4891,28.1681
"1257",50.1709,21.6945,12.5732,27.9913
"1258",49.252,21.6375,12.498,27.7151
"1259",49.68,21.6846,12.5186,27.8646
"1260",50.0425,21.7767,12.6321,28.0306
"1261",49.6784,21.6753,12.5677,27.8517
"1262",49.7883,21.7164,12.5185,27.906
"1263",50.341,21.6494,12.5459,28.0099
"1264",50.4582,21.7291,12.5706,28.0946
"1265",50.3655,21.7714,12.5704,28.0973
"1266",50.5461,21.7597,12.5472,28.1357
"1267",49.4186,21.7002,12.5923,27.8065
"1268",49.8409,21.694,12.5198,27.9048
"1269",49.641,21.7319,12.5471,27.887
"1270",50.0733,21.7381,12.605,27.9991
"1271",49.8527,21.7904,12.5845,27.9744
"1272",49.8602,21.6841,12.6038,27.9101
"1273",49.8878,21.783,12.5535,27.9787
"1274",49.2838,21.7371,12.5281,27.7955
"1275",49.4075,21.712,12.5742,27.8153
"1276",49.4841,21.662,12.5735,27.8062
"1277",49.389,21.7081,12.5256,27.8074
"1278",49.2149,21.6209,12.536,27.7071
"1279",50.0332,21.6461,12.443,27.9202
"1280",49.7267,21.6374,12.5935,27.8553
"1281",50.1877,21.7265,12.5531,28.0223
"1282",50.0887,21.7079,12.5761,27.9957
"1283",50.2151,21.7194,12.5387,28.0447
"1284",49.8243,21.727,12.6144,27.9417
"1285",49.4986,21.7078,12.4454,27.8445
"1286",49.4962,21.7379,12.5317,27.856
"1287",49.4118,21.7423,12.6004,27.8603
"1288",49.303,21.7293,12.4943,27.8054
"1289",49.6308,21.7003,12.4383,27.8497
"1290",49.6572,21.759,12.5453,27.9085
"1291",49.5664,21.7325,12.5209,27.8717
"1292",49.3102,21.6657,12.5742,27.7791
"1293",49.7076,21.7579,12.5983,27.9416
"1294",49.6441,21.7481,12.5746,27.9067
"1295",49.4164,21.7621,12.528,27.8592
"1296",49.6911,21.8174,12.502,27.9588
"1297",49.5415,21.8161,12.5444,27.9173
"1298",49.4013,21.7933,12.63,27.8897
"1299",49.0808,21.7778,12.5256,27.7747
"1300",49.3947,21.7203,12.5397,27.828
"1301",49.546,21.758,12.6352,27.8915
"1302",49.362,21.7299,12.5835,27.8343
"1303",49.4763,21.725,12.5771,27.8621
"1304",48.9885,21.7101,12.6072,27.7183
"1305",49.7552,21.7668,12.6392,27.9462
"1306",49.4394,21.7257,12.5392,27.8319
"1307",49.8172,21.7233,12.5554,27.9372
"1308",49.9658,21.7681,12.6908,28.019
"1309",49.4218,21.68,12.6821,27.8039
"1310",50.0208,21.7248,12.6515,27.991
"1311",49.97,21.7649,12.6659,27.9931
"1312",50.284,21.6914,12.568,28.0249
"1313",49.213,21.7614,12.7517,27.8094
"1314",49.1205,21.7396,12.6357,27.7653
"1315",49.5233,21.7655,12.7438,27.9109
"1316",49.1419,21.7624,12.6367,27.7869
"1317",49.1217,21.7793,12.6028,27.807
"1318",48.5626,21.6611,12.5303,27.5749
"1319",48.5967,21.657,12.5593,27.5831
"1320",48.6229,21.6518,12.5521,27.5963
"1321",48.2779,21.7078,12.5836,27.5526
"1322",47.9043,21.7431,12.5488,27.4835
"1323",48.5234,21.7854,12.4907,27.6526
"1324",48.6811,21.8043,12.5681,27.7158
"1325",48.8494,21.8312,12.5587,27.7922
"1326",48.9969,21.7626,12.5802,27.7764
"1327",49.6979,21.7985,12.4904,27.9643
"1328",49.5154,21.7797,12.5454,27.9051
"1329",50.1848,21.7817,12.5632,28.0874
"1330",49.7031,21.779,12.5049,27.9471
"1331",49.6943,21.7224,12.4697,27.8883
"1332",49.5555,21.7436,12.438,27.8723
"1333",49.8001,21.683,12.4787,27.9036
"1334",49.9334,21.6767,12.5305,27.929
"1335",49.9886,21.7024,12.5974,27.9754
"1336",49.462,21.7645,12.4755,27.8723
"1337",49.8356,21.7171,12.5831,27.9326
"1338",49.6941,21.721,12.4927,27.9059
"1339",49.8974,21.7581,12.529,27.9796
"1340",49.6346,21.7364,12.5306,27.8955
"1341",50.0673,21.7101,12.4995,27.9831
"1342",49.6475,21.8326,12.5111,27.9513
"1343",49.4361,21.7607,12.5217,27.8547
"1344",49.7513,21.7105,12.4961,27.9066
"1345",49.9493,21.7331,12.4787,27.9713
"1346",49.6519,21.7294,12.5675,27.9014
"1347",49.7672,21.7428,12.5976,27.9572
"1348",49.5586,21.6968,12.5202,27.8575
"1349",49.4433,21.7756,12.5758,27.8751
"1350",49.3112,21.7305,12.4688,27.8099
"1351",49.7976,21.7552,12.4545,27.9438
"1352",49.1535,21.8569,12.5804,27.868
"1353",49.0737,21.7672,12.4883,27.7727
"1354",48.5069,21.6594,12.5648,27.5603
"1355",49.0645,21.7897,12.5183,27.7878
"1356",48.7173,21.7629,12.606,27.6898
"1357",50.3061,21.7988,12.4642,28.0997
"1358",49.3653,21.6976,12.5156,27.7903
"1359",49.2628,21.733,12.5304,27.7936
"1360",49.5892,21.8156,12.5131,27.9354
"1361",49.1148,21.777,12.5997,27.7982
"1362",49.2022,21.6652,12.5116,27.7412
"1363",49.1355,21.754,12.5223,27.7864
"1364",48.8956,21.7176,12.5347,27.6995
"1365",49.2223,21.7386,12.5989,27.8041
"1366",49.2785,21.7749,12.528,27.8388
"1367",49.39,21.7674,12.5357,27.853
"1368",49.3522,21.6807,12.5709,27.7939
"1369",49.235,21.7354,12.5382,27.7928
"1370",49.7901,21.7435,12.5198,27.9413
"1371",48.8954,21.7326,12.5736,27.7055
"1372",49.4091,21.7737,12.5652,27.8518
"1373",49.6569,21.744,12.5877,27.899
"1374",49.2243,21.7218,12.5552,27.7823
"1375",49.4273,21.6616,12.5912,27.7815
"1376",49.8746,21.7434,12.5004,27.949
"1377",49.9231,21.769,12.6131,27.9907
"1378",49.8015,21.7663,12.5963,27.9465
"1379",50.2357,21.7715,12.5423,28.0743
"1380",50.4356,21.7872,12.4734,28.126
"1381",49.9033,21.7391,12.484,27.9506
"1382",49.9299,21.7651,12.4895,27.9821
"1383",50.0011,21.7843,12.4917,28.0182
"1384",50.6154,21.677,12.5506,28.1029
"1385",49.861,21.7965,12.5512,27.9783
"1386",50.1634,21.7458,12.5463,28.0324
"1387",50.1765,21.7616,12.5568,28.0368
"1388",50.2454,21.7243,12.4986,28.0328
"1389",49.6563,21.7397,12.5494,27.8965
"1390",49.3042,21.7137,12.4936,27.7929
"1391",50.0569,21.7267,12.5088,27.9907
"1392",49.9671,21.7387,12.5294,27.9782
"1393",50.024,21.7417,12.4953,27.992
"1394",50.236,21.7611,12.4772,28.0611
"1395",50.2317,21.6475,12.4736,27.9822
"1396",49.9784,21.6461,12.486,27.9061
"1397",50.5016,21.6671,12.4847,28.0525
"1398",50.467,21.7626,12.5247,28.1093
"1399",50.0441,21.6921,12.5417,27.9767
"1400",50.2526,21.6482,12.465,27.9829
"1401",50.1222,21.7298,12.4176,28.0051
"1402",49.8945,21.7727,12.5467,27.9877
"1403",50.6026,21.7421,12.523,28.1426
"1404",50.3603,21.6675,12.4933,28.0184
"1405",49.7767,21.5991,12.4526,27.8245
"1406",49.872,21.6744,12.5277,27.9092
"1407",50.2721,21.7347,12.4958,28.0537
"1408",50.1506,21.6854,12.4478,27.9976
"1409",50.3375,21.8075,12.4583,28.1211
"1410",50.0937,21.6887,12.4487,27.9832
"1411",49.3819,21.7,12.5428,27.8123
"1412",49.6101,21.7136,12.4886,27.8859
"1413",49.5058,21.7186,12.4497,27.8804
"1414",49.2605,21.6924,12.4004,27.7887
"1415",49.1574,21.7872,12.4552,27.8207
"1416",48.9721,21.7251,12.4752,27.716
"1417",49.2946,21.6846,12.5856,27.7818
"1418",49.9197,21.7173,12.563,27.9779
"1419",50.1181,21.726,12.5092,28.0059
"1420",50.4294,21.7874,12.518,28.1392
"1421",50.0316,21.7294,12.525,27.996
"1422",49.7813,21.7122,12.5012,27.9264
"1423",49.7994,21.7377,12.5377,27.9576
"1424",50.0689,21.7419,12.5456,28.0231
"1425",49.7813,21.683,12.5421,27.8985
"1426",49.7558,21.6732,12.518,27.8808
"1427",49.4754,21.6424,12.4417,27.7936
"1428",50.3622,21.7377,12.5266,28.084
"1429",50.3449,21.7224,12.4885,28.0622
"1430",49.9475,21.6892,12.4802,27.9352
"1431",50.0419,21.8223,12.5161,28.0539
"1432",50.1914,21.7628,12.4896,28.0559
"1433",50.1082,21.8212,12.5366,28.076
"1434",50.108,21.7933,12.5319,28.0461
"1435",49.613,21.7082,12.5342,27.8636
"1436",49.6317,21.7517,12.5322,27.9095
"1437",49.9147,21.7102,12.5547,27.9462
"1438",50.0776,21.7422,12.574,28.0008
"1439",50.6996,21.7909,12.4994,28.1926
"1440",49.7285,21.7487,12.4889,27.9296
"1441",50.0052,21.7951,12.4161,28.0352
"1442",49.7903,21.8097,12.5356,27.9925
"1443",49.0602,21.7569,12.5317,27.7699
"1444",49.1069,21.7402,12.5292,27.7761
"1445",48.619,21.6602,12.5367,27.5978
"1446",49.3454,21.7021,12.4749,27.7937
"1447",49.5652,21.693,12.6056,27.8521
"1448",49.7562,21.7553,12.4491,27.928
"1449",49.8114,21.685,12.5475,27.8942
"1450",49.8864,21.7423,12.5414,27.9532
"1451",49.8333,21.7727,12.5132,27.9626
"1452",49.6996,21.7623,12.4793,27.9237
"1453",49.7986,21.7948,12.4939,27.9681
"1454",49.341,21.7489,12.6027,27.8387
"1455",49.3094,21.8129,12.5702,27.8574
"1456",49.6881,21.8275,12.5514,27.972
"1457",49.4845,21.8233,12.5417,27.9088
"1458",50.3678,21.8334,12.5535,28.1372
"1459",50.3704,21.88,12.605,28.1857
"1460",49.7047,21.7438,12.6979,27.9155
"1461",50.0084,21.8182,12.7026,28.0433
"1462",50.5287,21.8016,12.6307,28.1574
"1463",50.5248,21.7549,12.6937,28.1234
"1464",50.8803,21.8037,12.5065,28.2387
"1465",50.8698,21.802,12.6083,28.2383
"1466",50.5007,21.8165,12.5236,28.1538
"1467",49.9232,21.7902,12.6309,28.0087
"1468",49.4495,21.8038,12.5148,27.8657
"1469",49.9504,21.857,12.5285,28.0404
"1470",50.0506,21.7868,12.5615,28.0184
"1471",50.7808,21.8014,12.6313,28.2379
"1472",50.7788,21.7952,12.5323,28.2221
"1473",50.45,21.7967,12.5856,28.1421
"1474",50.2271,21.7806,12.6146,28.0626
"1475",50.3889,21.7953,12.5373,28.1149
"1476",50.2031,21.7344,12.5641,28.0172
"1477",50.1595,21.7292,12.6178,28.0165
"1478",50.2534,21.7243,12.5081,28.0416
"1479",50.0718,21.806,12.5444,28.0394
"1480",49.8622,21.6888,12.4968,27.9131
"1481",50.1342,21.8469,12.5323,28.0766
"1482",49.8498,21.8559,12.5835,28.0204
"1483",49.0669,21.816,12.5325,27.7734
"1484",49.0279,21.8175,12.5814,27.7854
"1485",48.884,21.7928,12.5561,27.7304
"1486",49.0684,21.7787,12.5171,27.7872
"1487",49.4949,21.7742,12.5174,27.8826
"1488",48.8185,21.7412,12.6251,27.6972
"1489",49.4011,21.7596,12.6399,27.8496
"1490",49.5592,21.7704,12.5632,27.8803
"1491",49.5679,21.7876,12.4805,27.8847
"1492",49.9022,21.7446,12.6133,27.9598
"1493",50.3728,21.6922,12.5788,28.0412
"1494",50.2803,21.844,12.5666,28.1191
"1495",49.7194,21.8226,12.5537,27.9642
"1496",49.9202,21.7629,12.4712,27.973
"1497",50.087,21.7344,12.5341,28.0067
"1498",49.7841,21.763,12.4981,27.9455
"1499",50.4927,21.8778,12.4703,28.1947
"1500",50.0393,21.8569,12.4951,28.072
"1501",49.5792,21.7743,12.5179,27.8994
"1502",50.4353,21.7706,12.5398,28.115
"1503",49.5796,21.7365,12.5545,27.8784
"1504",49.8787,21.784,12.6243,27.9838
"1505",50.1226,21.8015,12.5227,28.0524
"1506",49.875,21.8116,12.6415,28.0029
"1507",50.009,21.7485,12.5492,27.9935
"1508",50.0186,21.7156,12.6275,27.9742
"1509",50.2421,21.7311,12.4955,28.0426
"1510",50.834,21.6875,12.5067,28.1582
"1511",50.0628,21.7171,12.5095,27.9864
"1512",50.5714,21.7498,12.5242,28.1362
"1513",49.8717,21.7213,12.5645,27.9477
"1514",49.7839,21.8232,12.5654,27.9945
"1515",49.4589,21.754,12.4907,27.8596
"1516",49.7218,21.7721,12.5345,27.9472
"1517",49.814,21.8436,12.4939,28.0108
"1518",50.2739,21.786,12.4776,28.0831
"1519",49.4198,21.7766,12.5507,27.8659
"1520",49.6867,21.8051,12.5005,27.9387
"1521",49.2295,21.7666,12.58,27.8217
"1522",49.2819,21.8133,12.508,27.8582
"1523",49.5739,21.7594,12.5827,27.9089
"1524",49.5358,21.8224,12.4972,27.9274
"1525",49.6414,21.8255,12.5207,27.9534
"1526",49.9625,21.8218,12.47,28.0215
"1527",50.0377,21.797,12.5545,28.0421
"1528",50.041,21.8821,12.5514,28.0869
"1529",50.0848,21.8648,12.4165,28.0819
"1530",50.6163,21.8615,12.4419,28.2225
"1531",50.3592,21.7931,12.491,28.1112
"1532",50.5698,21.7636,12.524,28.135
"1533",50.1941,21.7643,12.5255,28.0272
"1534",50.2822,21.7263,12.5471,28.0348
"1535",50.4456,21.805,12.5279,28.1295
"1536",50.6396,21.792,12.5623,28.1751
"1537",50.6642,21.7895,12.5364,28.1706
"1538",50.0567,21.7435,12.5919,28.0051
"1539",49.8382,21.8108,12.603,27.9869
"1540",49.2729,21.7992,12.5498,27.8483
"1541",49.9583,21.6859,12.536,27.9425
"1542",50.1868,21.7471,12.5624,28.0352
"1543",50.5915,21.7915,12.5393,28.1771
"1544",50.316,21.9141,12.5142,28.1816
"1545",50.1397,21.9035,12.5589,28.1316
"1546",50.049,21.8845,12.5422,28.0887
"1547",49.983,21.8664,12.5362,28.0663
"1548",50.0768,21.9109,12.4665,28.1256
"1549",50.4288,21.867,12.6012,28.1834
"1550",50.5021,21.8547,12.5715,28.1989
"1551",50.4115,21.8363,12.6313,28.1603
"1552",50.5756,21.8687,12.5895,28.2163
"1553",50.6242,21.8285,12.5119,28.2073
"1554",50.7191,21.83,12.4994,28.2292
"1555",50.2222,21.7818,12.5289,28.0606
"1556",50.0196,21.7607,12.533,28.0008
"1557",49.5678,21.8109,12.5148,27.9354
"1558",49.9527,21.8262,12.4536,28.0289
"1559",49.8292,21.8063,12.5653,28.0059
"1560",49.5992,21.7813,12.4541,27.9242
"1561",49.6834,21.78,12.5007,27.9301
"1562",49.3808,21.7167,12.5964,27.8085
"1563",49.5377,21.758,12.6563,27.8759
"1564",49.4827,21.7608,12.5028,27.875
"1565",48.764,21.7501,12.5964,27.6841
"1566",48.8967,21.7799,12.5424,27.7309
"1567",48.7105,21.7848,12.5819,27.6925
"1568",49.1252,21.8108,12.586,27.8175
"1569",49.2128,21.8817,12.5642,27.8834
"1570",49.0388,21.7824,12.5539,27.7682
"1571",49.7354,21.798,12.5872,27.9479
"1572",50.0492,21.7907,12.6371,28.0283
"1573",49.7843,21.8865,12.5859,28.0199
"1574",49.2459,21.7987,12.5639,27.8273
"1575",49.2635,21.7564,12.6071,27.8011
"1576",49.492,21.7475,12.6319,27.8661
"1577",49.1596,21.7867,12.6142,27.8104
"1578",49.4444,21.7251,12.5145,27.8314
"1579",49.7521,21.724,12.5079,27.909
"1580",50.0304,21.7313,12.5554,27.9847
"1581",49.573,21.7355,12.6128,27.865
"1582",50.4343,21.8395,12.5166,28.147
"1583",50.1112,21.7694,12.5775,28.0234
"1584",50.1752,21.7149,12.6209,28.0162
"1585",49.6793,21.6769,12.6436,27.8609
"1586",49.9774,21.675,12.5294,27.9254
"1587",49.8521,21.7983,12.4974,27.9683
"1588",49.3467,21.7715,12.616,27.8493
"1589",49.1947,21.7566,12.5944,27.7982
"1590",49.4027,21.8204,12.489,27.888
"1591",49.3699,21.7551,12.5511,27.8316
"1592",49.9888,21.7659,12.5685,28.0096
"1593",49.7308,21.8189,12.5856,27.9803
"1594",50.3532,21.7839,12.5279,28.1028
"1595",50.6932,21.8698,12.5899,28.2469
"1596",50.326,21.9223,12.5595,28.182
"1597",49.6045,21.8282,12.5818,27.9396
"1598",49.776,21.8565,12.5352,28.0063
"1599",48.9526,21.7574,12.4944,27.7222
"1600",49.1957,21.8354,12.5636,27.8476
"1601",49.3954,21.808,12.5783,27.8961
"1602",49.3483,21.7953,12.5683,27.8623
"1603",49.682,21.7502,12.6875,27.9291
"1604",48.8008,21.8335,12.5821,27.7346
"1605",48.4065,21.7715,12.5416,27.6125
"1606",48.545,21.8346,12.54,27.6891
"1607",49.1279,21.8619,12.5121,27.8514
"1608",48.75,21.7997,12.4243,27.6999
"1609",49.2268,21.7379,12.5402,27.8031
"1610",48.7693,21.9117,12.4715,27.7811
"1611",48.9031,21.8362,12.5659,27.7748
"1612",48.7375,21.8395,12.4748,27.7183
"1613",49.3877,21.8517,12.4905,27.8955
"1614",49.4631,21.8582,12.6036,27.9494
"1615",49.6023,21.811,12.5895,27.936
"1616",49.2737,21.8279,12.6055,27.8758
"1617",48.5502,21.834,12.6325,27.6934
"1618",49.2484,21.8429,12.4879,27.8727
"1619",49.1967,21.9059,12.5316,27.9123
"1620",50.1595,21.9124,12.5411,28.1635
"1621",49.5226,21.7709,12.655,27.9151
"1622",49.7586,21.8424,12.626,28.0169
"1623",50.3126,21.8785,12.5339,28.1611
"1624",49.813,21.8957,12.6526,28.0525
"1625",49.146,21.8469,12.5875,27.8305
"1626",49.8297,21.8835,12.5602,28.0366
"1627",49.6045,21.8033,12.5722,27.9224
"1628",49.4452,21.846,12.6397,27.9095
"1629",49.4664,21.8614,12.5928,27.9329
"1630",49.7332,21.9145,12.639,28.0288
"1631",49.8994,21.9506,12.5433,28.0939
"1632",49.9601,21.8489,12.5757,28.0697
"1633",50.1395,21.8694,12.5749,28.1213
"1634",50.0888,21.8508,12.6226,28.0899
"1635",50.0418,21.896,12.533,28.104
"1636",49.3742,21.7739,12.6014,27.8596
"1637",48.6942,21.7928,12.6029,27.6995
"1638",49.4048,21.8669,12.5529,27.9324
"1639",49.4368,21.8509,12.5467,27.9245
"1640",48.9416,21.7772,12.6955,27.7651
"1641",49.267,21.8205,12.5141,27.847
"1642",49.2367,21.8755,12.6137,27.8844
"1643",49.9002,21.8747,12.5709,28.0583
"1644",49.9068,21.834,12.586,28.0363
"1645",49.867,21.8965,12.5016,28.0703
"1646",49.6658,21.8236,12.5779,27.9786
"1647",49.7085,21.8458,12.5321,27.9758
"1648",49.5705,21.8711,12.5708,27.9491
"1649",49.3958,21.8465,12.6318,27.9062
"1650",50.5277,21.9172,12.5073,28.2428
"1651",50.4798,21.8618,12.5411,28.1849
"1652",49.9361,21.8614,12.5163,28.0355
"1653",49.5769,21.7828,12.6065,27.9134
"1654",50.2422,21.8509,12.5177,28.1207
"1655",50.2413,21.8409,12.5698,28.1304
"1656",50.1776,21.8571,12.5255,28.109
"1657",50.8,21.853,12.5408,28.2657
"1658",50.733,21.8963,12.6415,28.2758
"1659",50.2549,21.8571,12.6132,28.1276
"1660",50.4493,21.9071,12.5572,28.2182
"1661",49.5923,21.8402,12.5793,27.9434
"1662",49.7223,21.835,12.5481,27.9805
"1663",49.6495,21.7676,12.5431,27.9152
"1664",49.2298,21.8012,12.587,27.8285
"1665",49.4406,21.7309,12.5109,27.8301
"1666",49.811,21.8388,12.5442,28.0077
"1667",49.7421,21.7838,12.5647,27.9615
"1668",48.8945,21.6988,12.5983,27.6847
"1669",49.3232,21.7508,12.5795,27.8264
"1670",48.9895,21.8005,12.6165,27.7658
"1671",48.814,21.9071,12.5763,27.8056
"1672",49.2746,21.8706,12.5905,27.8837
"1673",48.6622,21.7497,12.598,27.6522
"1674",49.4862,21.7805,12.5985,27.8792
"1675",49.6493,21.7409,12.5596,27.9035
"1676",49.6681,21.6924,12.5566,27.8622
"1677",49.5534,21.747,12.5939,27.8636
"1678",50.6465,21.7727,12.6758,28.1697
"1679",51.0185,21.8219,12.6405,28.2966
"1680",50.7092,21.8289,12.4805,28.2154
"1681",51.5212,21.7811,12.5646,28.3922
"1682",50.9666,21.757,12.5553,28.2555
"1683",50.6646,21.8855,12.6022,28.2581
"1684",50.3247,21.8194,12.6128,28.129
"1685",50.2696,21.7949,12.5589,28.0835
"1686",50.3788,21.8159,12.6508,28.1253
"1687",50.0748,21.8726,12.5574,28.0772
"1688",50.4895,21.8645,12.5334,28.1818
"1689",50.4208,21.8568,12.5455,28.1523
"1690",50.3106,21.8261,12.5785,28.1254
"1691",50.4764,21.8819,12.5386,28.1913
"1692",50.8079,21.8589,12.5479,28.2606
"1693",50.9966,21.8684,12.6356,28.3247
"1694",51.0863,21.9041,12.6083,28.3679
"1695",50.7051,21.8687,12.5871,28.2286
"1696",50.7249,21.8229,12.6317,28.2052
"1697",50.9895,21.7385,12.6198,28.2312
"1698",51.0586,21.7498,12.6252,28.2561
"1699",51.094,21.8152,12.7194,28.3088
"1700",51.4199,21.7963,12.5964,28.3768
"1701",51.2972,21.7658,12.5483,28.3159
"1702",51.9285,21.7651,12.6522,28.4909
"1703",51.1959,21.8495,12.6534,28.3571
"1704",51.6945,21.7951,12.6948,28.4516
"1705",52.2963,21.7843,12.712,28.6032
"1706",52.5278,21.875,12.5961,28.7159
"1707",51.4166,21.7774,12.6458,28.3799
"1708",51.8524,21.774,12.5894,28.4818
"1709",51.6716,21.8293,12.6186,28.4637
"1710",51.6259,21.7798,12.6003,28.4145
"1711",51.6669,21.764,12.4741,28.4082
"1712",51.722,21.7925,12.4887,28.4378
"1713",51.5442,21.7332,12.5593,28.3676
"1714",51.6791,21.744,12.5507,28.4097
"1715",50.8624,21.8158,12.5869,28.2518
"1716",50.5472,21.8282,12.4724,28.176
"1717",50.5001,21.7439,12.5857,28.1072
"1718",50.6627,21.8153,12.5783,28.1956
"1719",50.7361,21.7341,12.5482,28.1541
"1720",50.5184,21.8386,12.5301,28.1656
"1721",50.1702,21.8494,12.5542,28.097
"1722",49.8102,21.8059,12.5708,27.9735
"1723",49.7694,21.7546,12.5458,27.9235
"1724",49.7533,21.8458,12.5812,27.9916
"1725",49.6189,21.7848,12.4984,27.9167
"1726",49.7457,21.8191,12.5873,27.9888
"1727",49.4092,21.8015,12.4933,27.88
"1728",48.7101,21.7438,12.4846,27.6632
"1729",48.5971,21.7782,12.5787,27.67
"1730",48.8931,21.8104,12.5132,27.7639
"1731",48.5775,21.7339,12.4877,27.6266
"1732",49.0478,21.8445,12.5612,27.8227
"1733",49.7642,21.9027,12.5659,28.0467
"1734",49.8617,21.9105,12.5014,28.0629
"1735",49.678,21.8009,12.5344,27.9409
"1736",50.0741,21.7434,12.4608,27.9886
"1737",49.7331,21.7652,12.5701,27.9195
"1738",50.5088,21.8035,12.4693,28.1522
"1739",50.9288,21.8097,12.463,28.254
"1740",50.8063,21.8736,12.4533,28.2634
"1741",50.512,21.8862,12.4891,28.1911
"1742",50.9211,21.8431,12.5249,28.2733
"1743",50.6118,21.7557,12.4302,28.1337
"1744",50.1778,21.8052,12.5272,28.0656
"1745",50.1153,21.8074,12.4893,28.0477
"1746",49.9907,21.8523,12.6509,28.0689
"1747",49.6481,21.7918,12.6238,27.9223
"1748",49.6566,21.7242,12.5411,27.8718
"1749",50.2123,21.7818,12.5966,28.047
"1750",50.8849,21.8571,12.6414,28.2696
"1751",50.8364,21.7875,12.6117,28.2173
"1752",50.5345,21.8214,12.5269,28.1565
"1753",50.3386,21.7355,12.6037,28.0729
"1754",51.1248,21.837,12.6037,28.3308
"1755",51.7826,21.784,12.5736,28.4563
"1756",51.2715,21.8206,12.5771,28.3554
"1757",50.7411,21.7886,12.5533,28.1954
"1758",51.172,21.7324,12.5792,28.2661
"1759",51.2343,21.7052,12.6182,28.2889
"1760",51.2876,21.8392,12.668,28.3871
"1761",51.8766,21.7448,12.5843,28.4672
"1762",51.5545,21.8682,12.4139,28.434
"1763",51.0996,21.765,12.6228,28.2598
"1764",51.422,21.7951,12.5233,28.3715
"1765",51.6078,21.8547,12.5822,28.4599
"1766",50.8165,21.8252,12.6372,28.2431
"1767",50.7258,21.8208,12.5723,28.2106
"1768",50.0769,21.8109,12.5352,28.045
"1769",50.5396,21.8286,12.5434,28.1905
"1770",50.4277,21.7886,12.4768,28.1122
"1771",50.1418,21.8009,12.537,28.0632
"1772",49.7085,21.84,12.5805,27.9775
"1773",49.9522,21.8698,12.5208,28.044
"1774",50.171,21.829,12.5387,28.0969
"1775",49.5568,21.804,12.5136,27.9314
"1776",49.6745,21.8727,12.5193,27.9855
"1777",50.4379,21.8369,12.5215,28.1538
"1778",50.2562,21.7845,12.5238,28.063
"1779",50.4477,21.8578,12.4526,28.1509
"1780",50.9762,21.8422,12.5156,28.2865
"1781",50.3691,21.8669,12.4764,28.1542
"1782",50.7896,21.8604,12.5107,28.2626
"1783",50.7198,21.8533,12.5384,28.241
"1784",50.7217,21.7812,12.5195,28.1927
"1785",50.4067,21.8818,12.5419,28.175
"1786",50.4091,21.9502,12.5697,28.2274
"1787",50.6099,21.8728,12.5506,28.2427
"1788",50.4361,21.8413,12.4924,28.1591
"1789",50.2071,21.8261,12.4706,28.0853
"1790",50.209,21.9018,12.4345,28.1297
"1791",50.4866,21.8573,12.4994,28.1829
"1792",51.4702,21.7988,12.5283,28.3997
"1793",51.5489,21.7718,12.5233,28.4058
"1794",51.1521,21.8241,12.522,28.3327
"1795",50.8061,21.7657,12.4667,28.1907
"1796",51.3719,21.8906,12.4729,28.4128
"1797",51.2126,21.803,12.6256,28.3304
"1798",51.2674,21.8046,12.5394,28.3362
"1799",50.6498,21.8234,12.4845,28.1843
"1800",49.6738,21.7989,12.4637,27.9273
"1801",50.0512,21.7469,12.4703,27.9755
"1802",50.5509,21.7706,12.5377,28.1354
"1803",50.925,21.8599,12.575,28.2961
"1804",51.0028,21.8543,12.4865,28.3047
"1805",51.1661,21.8486,12.4487,28.342
"1806",50.837,21.8045,12.5249,28.2424
"1807",50.5445,21.8036,12.5003,28.1538
"1808",50.4587,21.8363,12.4932,28.1393
"1809",50.567,21.8627,12.5087,28.2014
"1810",50.7112,21.9117,12.4953,28.2598
"1811",50.9663,21.8171,12.4261,28.2578
"1812",50.9265,21.8184,12.4954,28.2561
"1813",50.5952,21.9006,12.5586,28.2301
"1814",50.9347,21.8956,12.5408,28.3115
"1815",51.0043,21.8036,12.4925,28.2625
"1816",50.4133,21.7311,12.5955,28.0826
"1817",51.0982,21.6996,12.4969,28.2313
"1818",50.7064,21.7363,12.4989,28.1541
"1819",49.8926,21.7248,12.5243,27.9425
"1820",50.185,21.8439,12.5339,28.0863
"1821",50.4304,21.8434,12.4555,28.1469
"1822",50.5574,21.7979,12.4717,28.1526
"1823",50.8934,21.7943,12.4505,28.2381
"1824",50.33,21.7042,12.6316,28.0401
"1825",50.0552,21.8651,12.526,28.0729
"1826",50.3917,21.6628,12.5968,28.0418
"1827",50.7525,21.7833,12.4918,28.2036
"1828",50.1592,21.7034,12.5169,27.9926
"1829",50.0938,21.7704,12.5578,28.0201
"1830",49.4799,21.8171,12.5289,27.8862
"1831",49.3387,21.7108,12.5205,27.7909
"1832",49.5569,21.7298,12.5714,27.8692
"1833",49.3736,21.7756,12.4537,27.8538
"1834",49.1486,21.8297,12.6278,27.8398
"1835",49.1055,21.7407,12.5447,27.7609
"1836",49.83,21.7402,12.5409,27.9536
"1837",49.935,21.7518,12.6099,27.9857
"1838",50.414,21.7473,12.4836,28.0849
"1839",50.3181,21.6937,12.526,28.0263
"1840",50.5655,21.7836,12.5523,28.1456
"1841",49.9792,21.6638,12.5651,27.9143
"1842",50.0966,21.7436,12.5288,28.0027
"1843",50.3089,21.7507,12.5659,28.0672
"1844",49.598,21.7962,12.5341,27.912
"1845",49.6317,21.6955,12.5403,27.8653
"1846",50.0237,21.8197,12.5153,28.033
"1847",50.3323,21.8094,12.5368,28.1174
"1848",50.0335,21.7709,12.5834,28.023
"1849",49.3702,21.7177,12.5866,27.803
"1850",49.0037,21.7444,12.5917,27.747
"1851",48.7218,21.8081,12.5268,27.7178
"1852",49.2188,21.7495,12.4711,27.7914
"1853",49.382,21.7847,12.4774,27.85
"1854",48.9705,21.7692,12.5135,27.7377
"1855",49.1709,21.7059,12.5261,27.7573
"1856",49.2346,21.7961,12.5097,27.815
"1857",49.7014,21.7981,12.5408,27.9458
"1858",50.0433,21.8001,12.4388,28.0183
"1859",50.0266,21.8323,12.5565,28.0546
"1860",49.5848,21.7761,12.5557,27.898
"1861",50.2707,21.825,12.5584,28.1119
"1862",50.3101,21.8262,12.5403,28.1286
"1863",49.8869,21.8601,12.5106,28.0289
"1864",50.0896,21.717,12.5333,27.9891
"1865",49.7521,21.9695,12.5604,28.0518
"1866",49.971,21.8442,12.5531,28.0313
"1867",49.5085,21.7516,12.5066,27.8601
"1868",49.4914,21.8202,12.562,27.8992
"1869",49.47,21.8037,12.6133,27.8861
"1870",49.7203,21.8668,12.5427,27.9975
"1871",49.8362,21.8062,12.5715,27.9914
"1872",49.4938,21.7937,12.4424,27.875
"1873",49.5479,21.7722,12.5054,27.8815
"1874",49.5954,21.7582,12.6007,27.9025
"1875",49.7481,21.7984,12.5585,27.9605
"1876",49.8108,21.8063,12.5008,27.9806
"1877",49.8232,21.7521,12.5504,27.9584
"1878",49.9476,21.7781,12.519,28.0024
"1879",49.3534,21.7828,12.5454,27.8434
"1880",49.3627,21.7376,12.5707,27.8296
"1881",49.8793,21.8152,12.5349,27.9978
"1882",49.9046,21.7755,12.5698,27.9861
"1883",49.9138,21.7894,12.5365,28.0008
"1884",49.6368,21.7732,12.4712,27.922
"1885",49.7754,21.6921,12.4951,27.8917
"1886",49.7706,21.7679,12.4746,27.9495
"1887",49.7911,21.7491,12.5378,27.9405
"1888",50.099,21.8354,12.5206,28.0679
"1889",49.5116,21.7832,12.5595,27.8938
"1890",49.1723,21.7367,12.5606,27.7654
"1891",49.8383,21.7557,12.5122,27.9418
"1892",49.9766,21.8896,12.5997,28.0655
"1893",49.6756,21.795,12.5882,27.9298
"1894",49.6622,21.7565,12.5264,27.9004
"1895",49.7555,21.8118,12.567,27.9584
"1896",49.6607,21.8079,12.5449,27.9414
"1897",49.4847,21.8064,12.6014,27.8889
"1898",50.0092,21.7811,12.5452,28.0124
"1899",49.4796,21.7976,12.5186,27.8772
"1900",49.7583,21.7986,12.5451,27.9569
"1901",49.6007,21.7939,12.5324,27.9119
"1902",50.3671,21.9432,12.5234,28.2143
"1903",49.6169,21.7914,12.5007,27.9185
"1904",50.0515,21.8517,12.5342,28.0771
"1905",49.6949,21.8068,12.4992,27.9625
"1906",49.6382,21.73,12.5776,27.8911
"1907",50.0689,21.7853,12.5261,28.0384
"1908",49.6821,21.7963,12.453,27.9304
"1909",49.5253,21.6736,12.4726,27.812
"1910",49.4426,21.7205,12.4748,27.8292
"1911",49.7361,21.6778,12.402,27.8754
"1912",49.764,21.6876,12.5201,27.8921
"1913",50.2447,21.7544,12.5065,28.0627
"1914",50.397,21.7658,12.5169,28.1118
"1915",50.5711,21.7175,12.5056,28.1152
"1916",50.3176,21.7476,12.5013,28.0611
"1917",50.9974,21.7924,12.4388,28.2637
"1918",50.6115,21.865,12.4479,28.2119
"1919",50.609,21.9302,12.4669,28.2638
"1920",50.172,21.8299,12.5649,28.0977
"1921",50.2756,21.7426,12.6292,28.0794
"1922",50.2336,21.7377,12.6052,28.0479
"1923",50.1768,21.7245,12.5768,28.024
"1924",50.6739,21.8009,12.5561,28.1993
"1925",50.1765,21.7413,12.4827,28.0168
"1926",50.5173,21.8302,12.5375,28.1746
"1927",50.0907,21.7413,12.5183,28.0148
"1928",50.1384,21.7477,12.5338,28.0272
"1929",50.3315,21.8268,12.4392,28.1346
"1930",50.438,21.8204,12.5202,28.1512
"1931",50.0915,21.7786,12.5178,28.0267
"1932",49.5599,21.7916,12.5867,27.9117
"1933",49.5006,21.7746,12.575,27.8818
"1934",50.1576,21.7752,12.5759,28.051
"1935",50.0086,21.7848,12.4988,28.011
"1936",49.8691,21.837,12.5564,27.9996
"1937",49.6112,21.7775,12.549,27.8995
"1938",50.0385,21.7718,12.5358,28.0103
"1939",50.3992,21.8229,12.6014,28.1398
"1940",50.5055,21.7514,12.5666,28.117
"1941",50.5163,21.7717,12.5709,28.1353
"1942",50.6175,21.7085,12.562,28.1221
"1943",50.8427,21.7575,12.4593,28.1982
"1944",50.3862,21.7414,12.5634,28.0718
"1945",50.7523,21.7667,12.5842,28.1853
"1946",51.3976,21.736,12.551,28.3353
"1947",51.5551,21.7185,12.522,28.3506
"1948",51.9889,21.6786,12.5911,28.4451
"1949",52.168,21.8231,12.4824,28.5762
"1950",51.7614,21.7766,12.5874,28.4481
"1951",51.1035,21.761,12.6341,28.2803
"1952",50.9915,21.7731,12.6254,28.2588
"1953",51.8129,21.8101,12.6328,28.4756
"1954",51.4378,21.74,12.6327,28.3408
"1955",51.725,21.7277,12.6031,28.3983
"1956",51.8535,21.7887,12.5477,28.465
"1957",52.3212,21.756,12.6551,28.5839
"1958",52.3154,21.7582,12.5848,28.5749
"1959",51.7674,21.7734,12.645,28.4437
"1960",52.399,21.7992,12.6451,28.6341
"1961",52.113,21.7134,12.7039,28.5024
"1962",52.0696,21.8327,12.7296,28.5663
"1963",52.1754,21.7996,12.7031,28.577
"1964",52.2033,21.8274,12.5695,28.59
"1965",52.2997,21.7716,12.6816,28.5873
"1966",52.8312,21.7685,12.477,28.7075
"1967",52.6182,21.8023,12.6178,28.689
"1968",52.2264,21.8305,12.5698,28.5953
"1969",51.9027,21.8714,12.5243,28.5452
"1970",51.1562,21.7531,12.5231,28.2704
"1971",52.3205,21.7783,12.5636,28.5932
"1972",52.3222,21.8326,12.5553,28.6265
"1973",52.7884,21.8278,12.5829,28.7514
"1974",52.4391,21.7832,12.6004,28.6213
"1975",52.1088,21.7827,12.5974,28.5303
"1976",51.5901,21.7614,12.601,28.3734
"1977",51.4916,21.8307,12.5668,28.4004
"1978",52.0188,21.7789,12.6132,28.5038
"1979",51.2159,21.741,12.5688,28.261
"1980",52.0314,21.8131,12.5746,28.5289
"1981",52.1389,21.8313,12.5851,28.5793
"1982",52.332,21.7335,12.6381,28.5667
"1983",52.1688,21.8355,12.6542,28.5859
"1984",52.424,21.7419,12.5178,28.5841
"1985",52.1206,21.7409,12.5893,28.5157
"1986",52.4505,21.7743,12.5372,28.6227
"1987",52.531,21.8413,12.5439,28.6775
"1988",52.5209,21.7483,12.5334,28.6148
"1989",53.0695,21.7464,12.5213,28.7541
"1990",52.7405,21.8339,12.4898,28.7169
"1991",53.104,21.7602,12.5828,28.783
"1992",52.5291,21.7277,12.5151,28.5955
"1993",52.4721,21.7145,12.5306,28.571
"1994",53.4642,21.8281,12.5904,28.926
"1995",53.3359,21.8543,12.5643,28.8913
"1996",53.0413,21.8321,12.5895,28.7913
"1997",53.144,21.8428,12.5782,28.8217
"1998",53.465,21.8359,12.6195,28.92
"1999",53.3301,21.7459,12.5881,28.8296
"2000",53.0164,21.7491,12.5791,28.7419
